[2026-09-07 12:35:03.7105926] Console created
[2026-09-07 12:35:03.7106462] UE4SS - v3.0.1 Beta #0 - Git SHA #013440ea
[2026-09-07 12:35:03.7106525] Timezone: UTC (local disabled due to wine)
[2026-09-07 12:35:03.7106570] UE4SS Build Configuration: Game__Shipping__Win64 (MSVC)
[2026-09-07 12:35:03.7120601] Setting up mods...
[2026-09-07 12:35:03.7120820] Loading mods from: S:\steamapps\common\FarFarWest\FarFarWest\Binaries\Win64\ue4ss\Mods
[2026-09-07 12:35:03.7156418] Starting mods (from mods.txt (S:\steamapps\common\FarFarWest\FarFarWest\Binaries\Win64\ue4ss\Mods\mods.txt) load order)...
[2026-09-07 12:35:03.7157948] Starting C++ mod 'KismetDebuggerMod'
[2026-09-07 12:35:03.7158044] Starting C++ mod 'EventViewerMod'
[2026-09-07 12:35:03.7158550] Starting mods (from enabled.txt (S:\steamapps\common\FarFarWest\FarFarWest\Binaries\Win64\ue4ss\Mods), no defined load order)...
[2026-09-07 12:35:03.7167345] No specific game configuration found, using default configuration file
[2026-09-07 12:35:03.7167418] Config: S:\steamapps\common\FarFarWest\FarFarWest\Binaries\Win64\ue4ss\UE4SS-settings.ini

[2026-09-07 12:35:03.7167462] root directory: S:\steamapps\common\FarFarWest\FarFarWest\Binaries\Win64\ue4ss
[2026-09-07 12:35:03.7167502] working directory: S:\steamapps\common\FarFarWest\FarFarWest\Binaries\Win64\ue4ss
[2026-09-07 12:35:03.7167540] game executable directory: S:\steamapps\common\FarFarWest\FarFarWest\Binaries\Win64
[2026-09-07 12:35:03.7167707] game executable: S:\steamapps\common\FarFarWest\FarFarWest\Binaries\Win64\FarFarWest-Win64-Shipping.exe (192105460 bytes)


[2026-09-07 12:35:03.7167747] mods directories: 
[2026-09-07 12:35:03.7167786] [0] S:\steamapps\common\FarFarWest\FarFarWest\Binaries\Win64\ue4ss\Mods
[2026-09-07 12:35:03.7167823] 
[2026-09-07 12:35:03.7167860] log directory: S:\steamapps\common\FarFarWest\FarFarWest\Binaries\Win64\ue4ss
[2026-09-07 12:35:03.7167898] object dumper directory: S:\steamapps\common\FarFarWest\FarFarWest\Binaries\Win64\ue4ss


[2026-09-07 12:35:03.7177952] DebugGame Setting Enabled? false
[2026-09-07 12:35:03.7192218] PS Scan attempt 1 (Phase 2)
[2026-09-07 12:35:03.7192302] [PS] Reading image
[2026-09-07 12:35:03.7192601] [PS] Starting scan
[2026-09-07 12:35:04.0596568] [PS] Scan finished in 340.3815ms
[2026-09-07 12:35:04.0596752] [PS] Found GUObjectArray: 0x14a6dc768
[2026-09-07 12:35:04.0596829] [PS] Found GMalloc: 0x14a5d9678
[2026-09-07 12:35:04.0596894] [PS] Found FName::ToString: 0x141471bd0
[2026-09-07 12:35:04.0596963] [PS] Found StaticConstructObject_Internal: 0x141653930
[2026-09-07 12:35:04.0597042] [PS] Failed to find FUObjectHashTables::Get(): FUObjectHashTablesGet: expected at least one value
[2026-09-07 12:35:04.0597089] [PS] You can supply your own AOB in 'UE4SS_Signatures/GUObjectHashTables.lua'
[2026-09-07 12:35:04.0597135] [PS] Found ConsoleManagerSingleton: 0x1412d77f0
[2026-09-07 12:35:04.0597178] [PS] Found GameEngineTick: 0x142a755d0
[2026-09-07 12:35:04.0597230] PS scan successful
[2026-09-07 12:35:04.0603581] Applied -0x68 offset to found GUObjectArray to workaround Patternsleuth bug. Original: 0x000000014A6DC768, Using: 0x000000014A6DC700
[2026-09-07 12:35:04.0603661] Running second pass of Lua override scans
[2026-09-07 12:35:04.0603719] Lua Scan attempt 1 (Phase 2)
[2026-09-07 12:35:04.0652006] Verifying FName constructor...
[2026-09-07 12:35:04.0656292] [UE4SS.FNameConstructor.FNameConstructorVerificationHook] Added posthook with Id '0X8000200000000001'!
[2026-09-07 12:35:04.7538968] [UE4SS.EngineTick.FNameConstructorUnhooker] Added prehook with Id '0X6020000000000001'!
[2026-09-07 12:35:04.7539229] FName constructor verified at 0x0000000141453FF0
[2026-09-07 12:35:04.7625683] GNatives address: 0x14a39fec0 <- Lua Script
[2026-09-07 12:35:04.7662580] AOB scans could not be completed because of the following reasons:
Lua script 'FName_Constructor.lua' did not return a valid address for FName::FName.

Lua script 'FName_Constructor.lua' did not return a valid address for FName::FName.

[2026-09-07 12:35:04.7662725] Lua Scan attempt 2 (Phase 2)
[2026-09-07 12:35:04.7752764] GNatives address: 0x14a39fec0 <- Lua Script
[2026-09-07 12:35:04.7790945] AOB scans could not be completed because of the following reasons:
Lua script 'FName_Constructor.lua' did not return a valid address for FName::FName.

[2026-09-07 12:35:04.7791050] Lua Scan attempt 3 (Phase 2)
[2026-09-07 12:35:04.7886910] GNatives address: 0x14a39fec0 <- Lua Script
[2026-09-07 12:35:04.7937172] AOB scans could not be completed because of the following reasons:
Lua script 'FName_Constructor.lua' did not return a valid address for FName::FName.

[2026-09-07 12:35:04.7937309] Lua Scan attempt 4 (Phase 2)
[2026-09-07 12:35:04.8012548] GNatives address: 0x14a39fec0 <- Lua Script
[2026-09-07 12:35:04.8073482] AOB scans could not be completed because of the following reasons:
Lua script 'FName_Constructor.lua' did not return a valid address for FName::FName.

[2026-09-07 12:35:04.8073631] Lua Scan attempt 5 (Phase 2)
[2026-09-07 12:35:04.8167321] GNatives address: 0x14a39fec0 <- Lua Script
[2026-09-07 12:35:04.8215555] AOB scans could not be completed because of the following reasons:
Lua script 'FName_Constructor.lua' did not return a valid address for FName::FName.

[2026-09-07 12:35:04.8215738] Lua Scan attempt 6 (Phase 2)
[2026-09-07 12:35:04.8297494] GNatives address: 0x14a39fec0 <- Lua Script
[2026-09-07 12:35:04.8364908] AOB scans could not be completed because of the following reasons:
Lua script 'FName_Constructor.lua' did not return a valid address for FName::FName.

[2026-09-07 12:35:04.8365078] Lua Scan attempt 7 (Phase 2)
[2026-09-07 12:35:04.8440471] GNatives address: 0x14a39fec0 <- Lua Script
[2026-09-07 12:35:04.8497837] AOB scans could not be completed because of the following reasons:
Lua script 'FName_Constructor.lua' did not return a valid address for FName::FName.

[2026-09-07 12:35:04.8497962] Lua Scan attempt 8 (Phase 2)
[2026-09-07 12:35:04.8577110] GNatives address: 0x14a39fec0 <- Lua Script
[2026-09-07 12:35:04.8630821] AOB scans could not be completed because of the following reasons:
Lua script 'FName_Constructor.lua' did not return a valid address for FName::FName.

[2026-09-07 12:35:04.8630932] Lua Scan attempt 9 (Phase 2)
[2026-09-07 12:35:04.8716262] GNatives address: 0x14a39fec0 <- Lua Script
[2026-09-07 12:35:04.8758728] AOB scans could not be completed because of the following reasons:
Lua script 'FName_Constructor.lua' did not return a valid address for FName::FName.

[2026-09-07 12:35:04.8758848] Lua Scan attempt 10 (Phase 2)
[2026-09-07 12:35:04.8854122] GNatives address: 0x14a39fec0 <- Lua Script
[2026-09-07 12:35:04.8900017] AOB scans could not be completed because of the following reasons:
Lua script 'FName_Constructor.lua' did not return a valid address for FName::FName.

[2026-09-07 12:35:04.8900140] Lua Scan attempt 11 (Phase 2)
[2026-09-07 12:35:04.8974562] GNatives address: 0x14a39fec0 <- Lua Script
[2026-09-07 12:35:04.9053408] AOB scans could not be completed because of the following reasons:
Lua script 'FName_Constructor.lua' did not return a valid address for FName::FName.

[2026-09-07 12:35:04.9053553] Lua Scan attempt 12 (Phase 2)
[2026-09-07 12:35:04.9128455] GNatives address: 0x14a39fec0 <- Lua Script
[2026-09-07 12:35:04.9198058] AOB scans could not be completed because of the following reasons:
Lua script 'FName_Constructor.lua' did not return a valid address for FName::FName.

[2026-09-07 12:35:04.9198221] Lua Scan attempt 13 (Phase 2)
[2026-09-07 12:35:04.9280406] GNatives address: 0x14a39fec0 <- Lua Script
[2026-09-07 12:35:04.9332859] AOB scans could not be completed because of the following reasons:
Lua script 'FName_Constructor.lua' did not return a valid address for FName::FName.

[2026-09-07 12:35:04.9332984] Lua Scan attempt 14 (Phase 2)
[2026-09-07 12:35:04.9406017] GNatives address: 0x14a39fec0 <- Lua Script
[2026-09-07 12:35:04.9462064] AOB scans could not be completed because of the following reasons:
Lua script 'FName_Constructor.lua' did not return a valid address for FName::FName.

[2026-09-07 12:35:04.9462190] Lua Scan attempt 15 (Phase 2)
[2026-09-07 12:35:04.9557382] GNatives address: 0x14a39fec0 <- Lua Script
[2026-09-07 12:35:04.9612671] AOB scans could not be completed because of the following reasons:
Lua script 'FName_Constructor.lua' did not return a valid address for FName::FName.

[2026-09-07 12:35:04.9612844] Lua Scan attempt 16 (Phase 2)
[2026-09-07 12:35:04.9691809] GNatives address: 0x14a39fec0 <- Lua Script
[2026-09-07 12:35:04.9764077] AOB scans could not be completed because of the following reasons:
Lua script 'FName_Constructor.lua' did not return a valid address for FName::FName.

[2026-09-07 12:35:04.9764198] Lua Scan attempt 17 (Phase 2)
[2026-09-07 12:35:04.9840813] GNatives address: 0x14a39fec0 <- Lua Script
[2026-09-07 12:35:04.9894017] AOB scans could not be completed because of the following reasons:
Lua script 'FName_Constructor.lua' did not return a valid address for FName::FName.

[2026-09-07 12:35:04.9894137] Lua Scan attempt 18 (Phase 2)
[2026-09-07 12:35:04.9971536] GNatives address: 0x14a39fec0 <- Lua Script
[2026-09-07 12:35:05.0026628] AOB scans could not be completed because of the following reasons:
Lua script 'FName_Constructor.lua' did not return a valid address for FName::FName.

[2026-09-07 12:35:05.0026767] Lua Scan attempt 19 (Phase 2)
[2026-09-07 12:35:05.0103335] GNatives address: 0x14a39fec0 <- Lua Script
[2026-09-07 12:35:05.0163082] AOB scans could not be completed because of the following reasons:
Lua script 'FName_Constructor.lua' did not return a valid address for FName::FName.

[2026-09-07 12:35:05.0163225] Lua Scan attempt 20 (Phase 2)
[2026-09-07 12:35:05.0239815] GNatives address: 0x14a39fec0 <- Lua Script
[2026-09-07 12:35:05.0297258] AOB scans could not be completed because of the following reasons:
Lua script 'FName_Constructor.lua' did not return a valid address for FName::FName.

[2026-09-07 12:35:05.0297381] Lua Scan attempt 21 (Phase 2)
[2026-09-07 12:35:05.0371227] GNatives address: 0x14a39fec0 <- Lua Script
[2026-09-07 12:35:05.0429807] AOB scans could not be completed because of the following reasons:
Lua script 'FName_Constructor.lua' did not return a valid address for FName::FName.

[2026-09-07 12:35:05.0429950] Lua Scan attempt 22 (Phase 2)
[2026-09-07 12:35:05.0505192] GNatives address: 0x14a39fec0 <- Lua Script
[2026-09-07 12:35:05.0579595] AOB scans could not be completed because of the following reasons:
Lua script 'FName_Constructor.lua' did not return a valid address for FName::FName.

[2026-09-07 12:35:05.0579729] Lua Scan attempt 23 (Phase 2)
[2026-09-07 12:35:05.0653202] GNatives address: 0x14a39fec0 <- Lua Script
[2026-09-07 12:35:05.0720862] AOB scans could not be completed because of the following reasons:
Lua script 'FName_Constructor.lua' did not return a valid address for FName::FName.

[2026-09-07 12:35:05.0721012] Lua Scan attempt 24 (Phase 2)
[2026-09-07 12:35:05.0799346] GNatives address: 0x14a39fec0 <- Lua Script
[2026-09-07 12:35:05.0863920] AOB scans could not be completed because of the following reasons:
Lua script 'FName_Constructor.lua' did not return a valid address for FName::FName.

[2026-09-07 12:35:05.0864065] Lua Scan attempt 25 (Phase 2)
[2026-09-07 12:35:05.0943529] GNatives address: 0x14a39fec0 <- Lua Script
[2026-09-07 12:35:05.1007681] AOB scans could not be completed because of the following reasons:
Lua script 'FName_Constructor.lua' did not return a valid address for FName::FName.

[2026-09-07 12:35:05.1007809] Lua Scan attempt 26 (Phase 2)
[2026-09-07 12:35:05.1097225] GNatives address: 0x14a39fec0 <- Lua Script
[2026-09-07 12:35:05.1147622] AOB scans could not be completed because of the following reasons:
Lua script 'FName_Constructor.lua' did not return a valid address for FName::FName.

[2026-09-07 12:35:05.1147771] Lua Scan attempt 27 (Phase 2)
[2026-09-07 12:35:05.1235144] GNatives address: 0x14a39fec0 <- Lua Script
[2026-09-07 12:35:05.1273722] AOB scans could not be completed because of the following reasons:
Lua script 'FName_Constructor.lua' did not return a valid address for FName::FName.

[2026-09-07 12:35:05.1273844] Lua Scan attempt 28 (Phase 2)
[2026-09-07 12:35:05.1357813] GNatives address: 0x14a39fec0 <- Lua Script
[2026-09-07 12:35:05.1405678] AOB scans could not be completed because of the following reasons:
Lua script 'FName_Constructor.lua' did not return a valid address for FName::FName.

[2026-09-07 12:35:05.1405812] Lua Scan attempt 29 (Phase 2)
[2026-09-07 12:35:05.1484231] GNatives address: 0x14a39fec0 <- Lua Script
[2026-09-07 12:35:05.1560769] AOB scans could not be completed because of the following reasons:
Lua script 'FName_Constructor.lua' did not return a valid address for FName::FName.

[2026-09-07 12:35:05.1560906] Lua Scan attempt 30 (Phase 2)
[2026-09-07 12:35:05.1657767] GNatives address: 0x14a39fec0 <- Lua Script
[2026-09-07 12:35:05.1709911] AOB scans could not be completed because of the following reasons:
Lua script 'FName_Constructor.lua' did not return a valid address for FName::FName.

[2026-09-07 12:35:05.1710068] Lua Scan attempt 31 (Phase 2)
[2026-09-07 12:35:05.1805750] GNatives address: 0x14a39fec0 <- Lua Script
[2026-09-07 12:35:05.1841622] AOB scans could not be completed because of the following reasons:
Lua script 'FName_Constructor.lua' did not return a valid address for FName::FName.

[2026-09-07 12:35:05.1841749] Lua Scan attempt 32 (Phase 2)
[2026-09-07 12:35:05.1919588] GNatives address: 0x14a39fec0 <- Lua Script
[2026-09-07 12:35:05.1981478] AOB scans could not be completed because of the following reasons:
Lua script 'FName_Constructor.lua' did not return a valid address for FName::FName.

[2026-09-07 12:35:05.1981672] Lua Scan attempt 33 (Phase 2)
[2026-09-07 12:35:05.2059623] GNatives address: 0x14a39fec0 <- Lua Script
[2026-09-07 12:35:05.2109506] AOB scans could not be completed because of the following reasons:
Lua script 'FName_Constructor.lua' did not return a valid address for FName::FName.

[2026-09-07 12:35:05.2109626] Lua Scan attempt 34 (Phase 2)
[2026-09-07 12:35:05.2184170] GNatives address: 0x14a39fec0 <- Lua Script
[2026-09-07 12:35:05.2248736] AOB scans could not be completed because of the following reasons:
Lua script 'FName_Constructor.lua' did not return a valid address for FName::FName.

[2026-09-07 12:35:05.2248872] Lua Scan attempt 35 (Phase 2)
[2026-09-07 12:35:05.2353371] GNatives address: 0x14a39fec0 <- Lua Script
[2026-09-07 12:35:05.2404232] AOB scans could not be completed because of the following reasons:
Lua script 'FName_Constructor.lua' did not return a valid address for FName::FName.

[2026-09-07 12:35:05.2404379] Lua Scan attempt 36 (Phase 2)
[2026-09-07 12:35:05.2489819] GNatives address: 0x14a39fec0 <- Lua Script
[2026-09-07 12:35:05.2551968] AOB scans could not be completed because of the following reasons:
Lua script 'FName_Constructor.lua' did not return a valid address for FName::FName.

[2026-09-07 12:35:05.2552087] Lua Scan attempt 37 (Phase 2)
[2026-09-07 12:35:05.2637639] GNatives address: 0x14a39fec0 <- Lua Script
[2026-09-07 12:35:05.2681917] AOB scans could not be completed because of the following reasons:
Lua script 'FName_Constructor.lua' did not return a valid address for FName::FName.

[2026-09-07 12:35:05.2682036] Lua Scan attempt 38 (Phase 2)
[2026-09-07 12:35:05.2754569] GNatives address: 0x14a39fec0 <- Lua Script
[2026-09-07 12:35:05.2823489] AOB scans could not be completed because of the following reasons:
Lua script 'FName_Constructor.lua' did not return a valid address for FName::FName.

[2026-09-07 12:35:05.2823625] Lua Scan attempt 39 (Phase 2)
[2026-09-07 12:35:05.2914355] GNatives address: 0x14a39fec0 <- Lua Script
[2026-09-07 12:35:05.2953389] AOB scans could not be completed because of the following reasons:
Lua script 'FName_Constructor.lua' did not return a valid address for FName::FName.

[2026-09-07 12:35:05.2953503] Lua Scan attempt 40 (Phase 2)
[2026-09-07 12:35:05.3034531] GNatives address: 0x14a39fec0 <- Lua Script
[2026-09-07 12:35:05.3084593] AOB scans could not be completed because of the following reasons:
Lua script 'FName_Constructor.lua' did not return a valid address for FName::FName.

[2026-09-07 12:35:05.3084741] Lua Scan attempt 41 (Phase 2)
[2026-09-07 12:35:05.3175893] GNatives address: 0x14a39fec0 <- Lua Script
[2026-09-07 12:35:05.3225320] AOB scans could not be completed because of the following reasons:
Lua script 'FName_Constructor.lua' did not return a valid address for FName::FName.

[2026-09-07 12:35:05.3225494] Lua Scan attempt 42 (Phase 2)
[2026-09-07 12:35:05.3306461] GNatives address: 0x14a39fec0 <- Lua Script
[2026-09-07 12:35:05.3363146] AOB scans could not be completed because of the following reasons:
Lua script 'FName_Constructor.lua' did not return a valid address for FName::FName.

[2026-09-07 12:35:05.3363289] Lua Scan attempt 43 (Phase 2)
[2026-09-07 12:35:05.3456289] GNatives address: 0x14a39fec0 <- Lua Script
[2026-09-07 12:35:05.3504488] AOB scans could not be completed because of the following reasons:
Lua script 'FName_Constructor.lua' did not return a valid address for FName::FName.

[2026-09-07 12:35:05.3504626] Lua Scan attempt 44 (Phase 2)
[2026-09-07 12:35:05.3596564] GNatives address: 0x14a39fec0 <- Lua Script
[2026-09-07 12:35:05.3644637] AOB scans could not be completed because of the following reasons:
Lua script 'FName_Constructor.lua' did not return a valid address for FName::FName.

[2026-09-07 12:35:05.3644776] Lua Scan attempt 45 (Phase 2)
[2026-09-07 12:35:05.3729443] GNatives address: 0x14a39fec0 <- Lua Script
[2026-09-07 12:35:05.3792382] AOB scans could not be completed because of the following reasons:
Lua script 'FName_Constructor.lua' did not return a valid address for FName::FName.

[2026-09-07 12:35:05.3792523] Lua Scan attempt 46 (Phase 2)
[2026-09-07 12:35:05.3878888] GNatives address: 0x14a39fec0 <- Lua Script
[2026-09-07 12:35:05.3929934] AOB scans could not be completed because of the following reasons:
Lua script 'FName_Constructor.lua' did not return a valid address for FName::FName.

[2026-09-07 12:35:05.3930047] Lua Scan attempt 47 (Phase 2)
[2026-09-07 12:35:05.4008696] GNatives address: 0x14a39fec0 <- Lua Script
[2026-09-07 12:35:05.4091719] AOB scans could not be completed because of the following reasons:
Lua script 'FName_Constructor.lua' did not return a valid address for FName::FName.

[2026-09-07 12:35:05.4091837] Lua Scan attempt 48 (Phase 2)
[2026-09-07 12:35:05.4187491] GNatives address: 0x14a39fec0 <- Lua Script
[2026-09-07 12:35:05.4246141] AOB scans could not be completed because of the following reasons:
Lua script 'FName_Constructor.lua' did not return a valid address for FName::FName.

[2026-09-07 12:35:05.4246277] Lua Scan attempt 49 (Phase 2)
[2026-09-07 12:35:05.4321601] GNatives address: 0x14a39fec0 <- Lua Script
[2026-09-07 12:35:05.4394062] AOB scans could not be completed because of the following reasons:
Lua script 'FName_Constructor.lua' did not return a valid address for FName::FName.

[2026-09-07 12:35:05.4394209] Lua Scan attempt 50 (Phase 2)
[2026-09-07 12:35:05.4481763] GNatives address: 0x14a39fec0 <- Lua Script
[2026-09-07 12:35:05.4536711] AOB scans could not be completed because of the following reasons:
Lua script 'FName_Constructor.lua' did not return a valid address for FName::FName.

[2026-09-07 12:35:05.4536828] Lua Scan attempt 51 (Phase 2)
[2026-09-07 12:35:05.4614720] GNatives address: 0x14a39fec0 <- Lua Script
[2026-09-07 12:35:05.4676595] AOB scans could not be completed because of the following reasons:
Lua script 'FName_Constructor.lua' did not return a valid address for FName::FName.

[2026-09-07 12:35:05.4676710] Lua Scan attempt 52 (Phase 2)
[2026-09-07 12:35:05.4751862] GNatives address: 0x14a39fec0 <- Lua Script
[2026-09-07 12:35:05.4814836] AOB scans could not be completed because of the following reasons:
Lua script 'FName_Constructor.lua' did not return a valid address for FName::FName.

[2026-09-07 12:35:05.4814995] Lua Scan attempt 53 (Phase 2)
[2026-09-07 12:35:05.4889982] GNatives address: 0x14a39fec0 <- Lua Script
[2026-09-07 12:35:05.4964770] AOB scans could not be completed because of the following reasons:
Lua script 'FName_Constructor.lua' did not return a valid address for FName::FName.

[2026-09-07 12:35:05.4964916] Lua Scan attempt 54 (Phase 2)
[2026-09-07 12:35:05.5038718] GNatives address: 0x14a39fec0 <- Lua Script
[2026-09-07 12:35:05.5103919] AOB scans could not be completed because of the following reasons:
Lua script 'FName_Constructor.lua' did not return a valid address for FName::FName.

[2026-09-07 12:35:05.5104062] Lua Scan attempt 55 (Phase 2)
[2026-09-07 12:35:05.5195671] GNatives address: 0x14a39fec0 <- Lua Script
[2026-09-07 12:35:05.5241771] AOB scans could not be completed because of the following reasons:
Lua script 'FName_Constructor.lua' did not return a valid address for FName::FName.

[2026-09-07 12:35:05.5241897] Lua Scan attempt 56 (Phase 2)
[2026-09-07 12:35:05.5339397] GNatives address: 0x14a39fec0 <- Lua Script
[2026-09-07 12:35:05.5390727] AOB scans could not be completed because of the following reasons:
Lua script 'FName_Constructor.lua' did not return a valid address for FName::FName.

[2026-09-07 12:35:05.5390852] Lua Scan attempt 57 (Phase 2)
[2026-09-07 12:35:05.5485794] GNatives address: 0x14a39fec0 <- Lua Script
[2026-09-07 12:35:05.5545921] AOB scans could not be completed because of the following reasons:
Lua script 'FName_Constructor.lua' did not return a valid address for FName::FName.

[2026-09-07 12:35:05.5546056] Lua Scan attempt 58 (Phase 2)
[2026-09-07 12:35:05.5619114] GNatives address: 0x14a39fec0 <- Lua Script
[2026-09-07 12:35:05.5693807] AOB scans could not be completed because of the following reasons:
Lua script 'FName_Constructor.lua' did not return a valid address for FName::FName.

[2026-09-07 12:35:05.5693909] Lua Scan attempt 59 (Phase 2)
[2026-09-07 12:35:05.5783518] GNatives address: 0x14a39fec0 <- Lua Script
[2026-09-07 12:35:05.5832478] AOB scans could not be completed because of the following reasons:
Lua script 'FName_Constructor.lua' did not return a valid address for FName::FName.

[2026-09-07 12:35:05.5832604] Lua Scan attempt 60 (Phase 2)
[2026-09-07 12:35:05.5912584] GNatives address: 0x14a39fec0 <- Lua Script
[2026-09-07 12:35:05.5974656] AOB scans could not be completed because of the following reasons:
Lua script 'FName_Constructor.lua' did not return a valid address for FName::FName.

[2026-09-07 12:35:05.5974800] Lua Scan attempt 61 (Phase 2)
[2026-09-07 12:35:05.6058791] GNatives address: 0x14a39fec0 <- Lua Script
[2026-09-07 12:35:05.6125747] AOB scans could not be completed because of the following reasons:
Lua script 'FName_Constructor.lua' did not return a valid address for FName::FName.

[2026-09-07 12:35:05.6125892] Lua Scan attempt 62 (Phase 2)
[2026-09-07 12:35:05.6209547] GNatives address: 0x14a39fec0 <- Lua Script
[2026-09-07 12:35:05.6250231] AOB scans could not be completed because of the following reasons:
Lua script 'FName_Constructor.lua' did not return a valid address for FName::FName.

[2026-09-07 12:35:05.6250344] Lua Scan attempt 63 (Phase 2)
[2026-09-07 12:35:05.6342961] GNatives address: 0x14a39fec0 <- Lua Script
[2026-09-07 12:35:05.6391829] AOB scans could not be completed because of the following reasons:
Lua script 'FName_Constructor.lua' did not return a valid address for FName::FName.

[2026-09-07 12:35:05.6391985] Lua Scan attempt 64 (Phase 2)
[2026-09-07 12:35:05.6490594] GNatives address: 0x14a39fec0 <- Lua Script
[2026-09-07 12:35:05.6542756] AOB scans could not be completed because of the following reasons:
Lua script 'FName_Constructor.lua' did not return a valid address for FName::FName.

[2026-09-07 12:35:05.6542901] Lua Scan attempt 65 (Phase 2)
[2026-09-07 12:35:05.6632204] GNatives address: 0x14a39fec0 <- Lua Script
[2026-09-07 12:35:05.6696536] AOB scans could not be completed because of the following reasons:
Lua script 'FName_Constructor.lua' did not return a valid address for FName::FName.

[2026-09-07 12:35:05.6696689] Lua Scan attempt 66 (Phase 2)
[2026-09-07 12:35:05.6790704] GNatives address: 0x14a39fec0 <- Lua Script
[2026-09-07 12:35:05.6828000] AOB scans could not be completed because of the following reasons:
Lua script 'FName_Constructor.lua' did not return a valid address for FName::FName.

[2026-09-07 12:35:05.6828143] Lua Scan attempt 67 (Phase 2)
[2026-09-07 12:35:05.6916742] GNatives address: 0x14a39fec0 <- Lua Script
[2026-09-07 12:35:05.6967926] AOB scans could not be completed because of the following reasons:
Lua script 'FName_Constructor.lua' did not return a valid address for FName::FName.

[2026-09-07 12:35:05.6968067] Lua Scan attempt 68 (Phase 2)
[2026-09-07 12:35:05.7052727] GNatives address: 0x14a39fec0 <- Lua Script
[2026-09-07 12:35:05.7117041] AOB scans could not be completed because of the following reasons:
Lua script 'FName_Constructor.lua' did not return a valid address for FName::FName.

[2026-09-07 12:35:05.7117191] Lua Scan attempt 69 (Phase 2)
[2026-09-07 12:35:05.7283556] GNatives address: 0x14a39fec0 <- Lua Script
[2026-09-07 12:35:05.7352187] AOB scans could not be completed because of the following reasons:
Lua script 'FName_Constructor.lua' did not return a valid address for FName::FName.

[2026-09-07 12:35:05.7352325] Lua Scan attempt 70 (Phase 2)
[2026-09-07 12:35:05.7472275] GNatives address: 0x14a39fec0 <- Lua Script
[2026-09-07 12:35:05.7532679] AOB scans could not be completed because of the following reasons:
Lua script 'FName_Constructor.lua' did not return a valid address for FName::FName.

[2026-09-07 12:35:05.7532818] Lua Scan attempt 71 (Phase 2)
[2026-09-07 12:35:05.7629107] GNatives address: 0x14a39fec0 <- Lua Script
[2026-09-07 12:35:05.7676179] AOB scans could not be completed because of the following reasons:
Lua script 'FName_Constructor.lua' did not return a valid address for FName::FName.

[2026-09-07 12:35:05.7676319] Lua Scan attempt 72 (Phase 2)
[2026-09-07 12:35:05.7750483] GNatives address: 0x14a39fec0 <- Lua Script
[2026-09-07 12:35:05.7813023] AOB scans could not be completed because of the following reasons:
Lua script 'FName_Constructor.lua' did not return a valid address for FName::FName.

[2026-09-07 12:35:05.7813163] Lua Scan attempt 73 (Phase 2)
[2026-09-07 12:35:05.7887050] GNatives address: 0x14a39fec0 <- Lua Script
[2026-09-07 12:35:05.7936283] AOB scans could not be completed because of the following reasons:
Lua script 'FName_Constructor.lua' did not return a valid address for FName::FName.

[2026-09-07 12:35:05.7936432] Lua Scan attempt 74 (Phase 2)
[2026-09-07 12:35:05.8011300] GNatives address: 0x14a39fec0 <- Lua Script
[2026-09-07 12:35:05.8058958] AOB scans could not be completed because of the following reasons:
Lua script 'FName_Constructor.lua' did not return a valid address for FName::FName.

[2026-09-07 12:35:05.8059080] Lua Scan attempt 75 (Phase 2)
[2026-09-07 12:35:05.8131913] GNatives address: 0x14a39fec0 <- Lua Script
[2026-09-07 12:35:05.8200967] AOB scans could not be completed because of the following reasons:
Lua script 'FName_Constructor.lua' did not return a valid address for FName::FName.

[2026-09-07 12:35:05.8201117] Lua Scan attempt 76 (Phase 2)
[2026-09-07 12:35:05.8275280] GNatives address: 0x14a39fec0 <- Lua Script
[2026-09-07 12:35:05.8356463] AOB scans could not be completed because of the following reasons:
Lua script 'FName_Constructor.lua' did not return a valid address for FName::FName.

[2026-09-07 12:35:05.8356588] Lua Scan attempt 77 (Phase 2)
[2026-09-07 12:35:05.8430741] GNatives address: 0x14a39fec0 <- Lua Script
[2026-09-07 12:35:05.8492707] AOB scans could not be completed because of the following reasons:
Lua script 'FName_Constructor.lua' did not return a valid address for FName::FName.

[2026-09-07 12:35:05.8492837] Lua Scan attempt 78 (Phase 2)
[2026-09-07 12:35:05.8564948] GNatives address: 0x14a39fec0 <- Lua Script
[2026-09-07 12:35:05.8624160] AOB scans could not be completed because of the following reasons:
Lua script 'FName_Constructor.lua' did not return a valid address for FName::FName.

[2026-09-07 12:35:05.8624300] Lua Scan attempt 79 (Phase 2)
[2026-09-07 12:35:05.8720661] GNatives address: 0x14a39fec0 <- Lua Script
[2026-09-07 12:35:05.8771460] AOB scans could not be completed because of the following reasons:
Lua script 'FName_Constructor.lua' did not return a valid address for FName::FName.

[2026-09-07 12:35:05.8771682] Lua Scan attempt 80 (Phase 2)
[2026-09-07 12:35:05.8845759] GNatives address: 0x14a39fec0 <- Lua Script
[2026-09-07 12:35:05.8899432] AOB scans could not be completed because of the following reasons:
Lua script 'FName_Constructor.lua' did not return a valid address for FName::FName.

[2026-09-07 12:35:05.8899550] Lua Scan attempt 81 (Phase 2)
[2026-09-07 12:35:05.8973684] GNatives address: 0x14a39fec0 <- Lua Script
[2026-09-07 12:35:05.9019709] AOB scans could not be completed because of the following reasons:
Lua script 'FName_Constructor.lua' did not return a valid address for FName::FName.

[2026-09-07 12:35:05.9019829] Lua Scan attempt 82 (Phase 2)
[2026-09-07 12:35:05.9108097] GNatives address: 0x14a39fec0 <- Lua Script
[2026-09-07 12:35:05.9156344] AOB scans could not be completed because of the following reasons:
Lua script 'FName_Constructor.lua' did not return a valid address for FName::FName.

[2026-09-07 12:35:05.9156479] Lua Scan attempt 83 (Phase 2)
[2026-09-07 12:35:05.9240605] GNatives address: 0x14a39fec0 <- Lua Script
[2026-09-07 12:35:05.9286402] AOB scans could not be completed because of the following reasons:
Lua script 'FName_Constructor.lua' did not return a valid address for FName::FName.

[2026-09-07 12:35:05.9286529] Lua Scan attempt 84 (Phase 2)
[2026-09-07 12:35:05.9382801] GNatives address: 0x14a39fec0 <- Lua Script
[2026-09-07 12:35:05.9423071] AOB scans could not be completed because of the following reasons:
Lua script 'FName_Constructor.lua' did not return a valid address for FName::FName.

[2026-09-07 12:35:05.9423195] Lua Scan attempt 85 (Phase 2)
[2026-09-07 12:35:05.9509698] GNatives address: 0x14a39fec0 <- Lua Script
[2026-09-07 12:35:05.9553264] AOB scans could not be completed because of the following reasons:
Lua script 'FName_Constructor.lua' did not return a valid address for FName::FName.

[2026-09-07 12:35:05.9553376] Lua Scan attempt 86 (Phase 2)
[2026-09-07 12:35:05.9630703] GNatives address: 0x14a39fec0 <- Lua Script
[2026-09-07 12:35:05.9682681] AOB scans could not be completed because of the following reasons:
Lua script 'FName_Constructor.lua' did not return a valid address for FName::FName.

[2026-09-07 12:35:05.9682805] Lua Scan attempt 87 (Phase 2)
[2026-09-07 12:35:05.9757456] GNatives address: 0x14a39fec0 <- Lua Script
[2026-09-07 12:35:05.9813017] AOB scans could not be completed because of the following reasons:
Lua script 'FName_Constructor.lua' did not return a valid address for FName::FName.

[2026-09-07 12:35:05.9813144] Lua Scan attempt 88 (Phase 2)
[2026-09-07 12:35:05.9897179] GNatives address: 0x14a39fec0 <- Lua Script
[2026-09-07 12:35:05.9942329] AOB scans could not be completed because of the following reasons:
Lua script 'FName_Constructor.lua' did not return a valid address for FName::FName.

[2026-09-07 12:35:05.9942458] Lua Scan attempt 89 (Phase 2)
[2026-09-07 12:35:06.0019129] GNatives address: 0x14a39fec0 <- Lua Script
[2026-09-07 12:35:06.0077072] AOB scans could not be completed because of the following reasons:
Lua script 'FName_Constructor.lua' did not return a valid address for FName::FName.

[2026-09-07 12:35:06.0077224] Lua Scan attempt 90 (Phase 2)
[2026-09-07 12:35:06.0167413] GNatives address: 0x14a39fec0 <- Lua Script
[2026-09-07 12:35:06.0218195] AOB scans could not be completed because of the following reasons:
Lua script 'FName_Constructor.lua' did not return a valid address for FName::FName.

[2026-09-07 12:35:06.0218345] Lua Scan attempt 91 (Phase 2)
[2026-09-07 12:35:06.0294428] GNatives address: 0x14a39fec0 <- Lua Script
[2026-09-07 12:35:06.0356321] AOB scans could not be completed because of the following reasons:
Lua script 'FName_Constructor.lua' did not return a valid address for FName::FName.

[2026-09-07 12:35:06.0356452] Lua Scan attempt 92 (Phase 2)
[2026-09-07 12:35:06.0451984] GNatives address: 0x14a39fec0 <- Lua Script
[2026-09-07 12:35:06.0497942] AOB scans could not be completed because of the following reasons:
Lua script 'FName_Constructor.lua' did not return a valid address for FName::FName.

[2026-09-07 12:35:06.0498132] Lua Scan attempt 93 (Phase 2)
[2026-09-07 12:35:06.0576224] GNatives address: 0x14a39fec0 <- Lua Script
[2026-09-07 12:35:06.0625443] AOB scans could not be completed because of the following reasons:
Lua script 'FName_Constructor.lua' did not return a valid address for FName::FName.

[2026-09-07 12:35:06.0625575] Lua Scan attempt 94 (Phase 2)
[2026-09-07 12:35:06.0702252] GNatives address: 0x14a39fec0 <- Lua Script
[2026-09-07 12:35:06.0758113] AOB scans could not be completed because of the following reasons:
Lua script 'FName_Constructor.lua' did not return a valid address for FName::FName.

[2026-09-07 12:35:06.0758248] Lua Scan attempt 95 (Phase 2)
[2026-09-07 12:35:06.0833877] GNatives address: 0x14a39fec0 <- Lua Script
[2026-09-07 12:35:06.0883472] AOB scans could not be completed because of the following reasons:
Lua script 'FName_Constructor.lua' did not return a valid address for FName::FName.

[2026-09-07 12:35:06.0883598] Lua Scan attempt 96 (Phase 2)
[2026-09-07 12:35:06.0963465] GNatives address: 0x14a39fec0 <- Lua Script
[2026-09-07 12:35:06.1018042] AOB scans could not be completed because of the following reasons:
Lua script 'FName_Constructor.lua' did not return a valid address for FName::FName.

[2026-09-07 12:35:06.1018216] Lua Scan attempt 97 (Phase 2)
[2026-09-07 12:35:06.1095447] GNatives address: 0x14a39fec0 <- Lua Script
[2026-09-07 12:35:06.1154748] AOB scans could not be completed because of the following reasons:
Lua script 'FName_Constructor.lua' did not return a valid address for FName::FName.

[2026-09-07 12:35:06.1154908] Lua Scan attempt 98 (Phase 2)
[2026-09-07 12:35:06.1238624] GNatives address: 0x14a39fec0 <- Lua Script
[2026-09-07 12:35:06.1312612] AOB scans could not be completed because of the following reasons:
Lua script 'FName_Constructor.lua' did not return a valid address for FName::FName.

[2026-09-07 12:35:06.1312775] Lua Scan attempt 99 (Phase 2)
[2026-09-07 12:35:06.1391305] GNatives address: 0x14a39fec0 <- Lua Script
[2026-09-07 12:35:06.1465898] AOB scans could not be completed because of the following reasons:
Lua script 'FName_Constructor.lua' did not return a valid address for FName::FName.

[2026-09-07 12:35:06.1466029] Lua Scan attempt 100 (Phase 2)
[2026-09-07 12:35:06.1543927] GNatives address: 0x14a39fec0 <- Lua Script
[2026-09-07 12:35:06.1597911] AOB scans could not be completed because of the following reasons:
Lua script 'FName_Constructor.lua' did not return a valid address for FName::FName.

[2026-09-07 12:35:06.1598035] Lua Scan attempt 101 (Phase 2)
[2026-09-07 12:35:06.1677713] GNatives address: 0x14a39fec0 <- Lua Script
[2026-09-07 12:35:06.1745547] AOB scans could not be completed because of the following reasons:
Lua script 'FName_Constructor.lua' did not return a valid address for FName::FName.

[2026-09-07 12:35:06.1745678] Lua Scan attempt 102 (Phase 2)
[2026-09-07 12:35:06.1832564] GNatives address: 0x14a39fec0 <- Lua Script
[2026-09-07 12:35:06.1891063] AOB scans could not be completed because of the following reasons:
Lua script 'FName_Constructor.lua' did not return a valid address for FName::FName.

[2026-09-07 12:35:06.1891196] Lua Scan attempt 103 (Phase 2)
[2026-09-07 12:35:06.1968158] GNatives address: 0x14a39fec0 <- Lua Script
[2026-09-07 12:35:06.2026240] AOB scans could not be completed because of the following reasons:
Lua script 'FName_Constructor.lua' did not return a valid address for FName::FName.

[2026-09-07 12:35:06.2026372] Lua Scan attempt 104 (Phase 2)
[2026-09-07 12:35:06.2101828] GNatives address: 0x14a39fec0 <- Lua Script
[2026-09-07 12:35:06.2164262] AOB scans could not be completed because of the following reasons:
Lua script 'FName_Constructor.lua' did not return a valid address for FName::FName.

[2026-09-07 12:35:06.2164409] Lua Scan attempt 105 (Phase 2)
[2026-09-07 12:35:06.2241839] GNatives address: 0x14a39fec0 <- Lua Script
[2026-09-07 12:35:06.2307656] AOB scans could not be completed because of the following reasons:
Lua script 'FName_Constructor.lua' did not return a valid address for FName::FName.

[2026-09-07 12:35:06.2307881] Lua Scan attempt 106 (Phase 2)
[2026-09-07 12:35:06.2405899] GNatives address: 0x14a39fec0 <- Lua Script
[2026-09-07 12:35:06.2441595] AOB scans could not be completed because of the following reasons:
Lua script 'FName_Constructor.lua' did not return a valid address for FName::FName.

[2026-09-07 12:35:06.2441719] Lua Scan attempt 107 (Phase 2)
[2026-09-07 12:35:06.2519826] GNatives address: 0x14a39fec0 <- Lua Script
[2026-09-07 12:35:06.2597326] AOB scans could not be completed because of the following reasons:
Lua script 'FName_Constructor.lua' did not return a valid address for FName::FName.

[2026-09-07 12:35:06.2597464] Lua Scan attempt 108 (Phase 2)
[2026-09-07 12:35:06.2687512] GNatives address: 0x14a39fec0 <- Lua Script
[2026-09-07 12:35:06.2739596] AOB scans could not be completed because of the following reasons:
Lua script 'FName_Constructor.lua' did not return a valid address for FName::FName.

[2026-09-07 12:35:06.2739717] Lua Scan attempt 109 (Phase 2)
[2026-09-07 12:35:06.2815382] GNatives address: 0x14a39fec0 <- Lua Script
[2026-09-07 12:35:06.2904010] AOB scans could not be completed because of the following reasons:
Lua script 'FName_Constructor.lua' did not return a valid address for FName::FName.

[2026-09-07 12:35:06.2904134] Lua Scan attempt 110 (Phase 2)
[2026-09-07 12:35:06.2987873] GNatives address: 0x14a39fec0 <- Lua Script
[2026-09-07 12:35:06.3040047] AOB scans could not be completed because of the following reasons:
Lua script 'FName_Constructor.lua' did not return a valid address for FName::FName.

[2026-09-07 12:35:06.3040186] Lua Scan attempt 111 (Phase 2)
[2026-09-07 12:35:06.3118271] GNatives address: 0x14a39fec0 <- Lua Script
[2026-09-07 12:35:06.3208745] AOB scans could not be completed because of the following reasons:
Lua script 'FName_Constructor.lua' did not return a valid address for FName::FName.

[2026-09-07 12:35:06.3219248] Lua Scan attempt 112 (Phase 2)
[2026-09-07 12:35:06.3297410] GNatives address: 0x14a39fec0 <- Lua Script
[2026-09-07 12:35:06.3358273] AOB scans could not be completed because of the following reasons:
Lua script 'FName_Constructor.lua' did not return a valid address for FName::FName.

[2026-09-07 12:35:06.3358393] Lua Scan attempt 113 (Phase 2)
[2026-09-07 12:35:06.3434831] GNatives address: 0x14a39fec0 <- Lua Script
[2026-09-07 12:35:06.3490029] AOB scans could not be completed because of the following reasons:
Lua script 'FName_Constructor.lua' did not return a valid address for FName::FName.

[2026-09-07 12:35:06.3490169] Lua Scan attempt 114 (Phase 2)
[2026-09-07 12:35:06.3590186] GNatives address: 0x14a39fec0 <- Lua Script
[2026-09-07 12:35:06.3638049] AOB scans could not be completed because of the following reasons:
Lua script 'FName_Constructor.lua' did not return a valid address for FName::FName.

[2026-09-07 12:35:06.3638177] Lua Scan attempt 115 (Phase 2)
[2026-09-07 12:35:06.3711867] GNatives address: 0x14a39fec0 <- Lua Script
[2026-09-07 12:35:06.3789530] AOB scans could not be completed because of the following reasons:
Lua script 'FName_Constructor.lua' did not return a valid address for FName::FName.

[2026-09-07 12:35:06.3789674] Lua Scan attempt 116 (Phase 2)
[2026-09-07 12:35:06.3878369] GNatives address: 0x14a39fec0 <- Lua Script
[2026-09-07 12:35:06.3957310] AOB scans could not be completed because of the following reasons:
Lua script 'FName_Constructor.lua' did not return a valid address for FName::FName.

[2026-09-07 12:35:06.3961457] Lua Scan attempt 117 (Phase 2)
[2026-09-07 12:35:06.4056080] GNatives address: 0x14a39fec0 <- Lua Script
[2026-09-07 12:35:06.4112378] AOB scans could not be completed because of the following reasons:
Lua script 'FName_Constructor.lua' did not return a valid address for FName::FName.

[2026-09-07 12:35:06.4112509] Lua Scan attempt 118 (Phase 2)
[2026-09-07 12:35:06.4209491] GNatives address: 0x14a39fec0 <- Lua Script
[2026-09-07 12:35:06.4262210] AOB scans could not be completed because of the following reasons:
Lua script 'FName_Constructor.lua' did not return a valid address for FName::FName.

[2026-09-07 12:35:06.4262406] Lua Scan attempt 119 (Phase 2)
[2026-09-07 12:35:06.4341461] GNatives address: 0x14a39fec0 <- Lua Script
[2026-09-07 12:35:06.4409196] AOB scans could not be completed because of the following reasons:
Lua script 'FName_Constructor.lua' did not return a valid address for FName::FName.

[2026-09-07 12:35:06.4409325] Lua Scan attempt 120 (Phase 2)
[2026-09-07 12:35:06.4484228] GNatives address: 0x14a39fec0 <- Lua Script
[2026-09-07 12:35:06.4533507] AOB scans could not be completed because of the following reasons:
Lua script 'FName_Constructor.lua' did not return a valid address for FName::FName.

[2026-09-07 12:35:06.4533642] Lua Scan attempt 121 (Phase 2)
[2026-09-07 12:35:06.4606368] GNatives address: 0x14a39fec0 <- Lua Script
[2026-09-07 12:35:06.4680262] AOB scans could not be completed because of the following reasons:
Lua script 'FName_Constructor.lua' did not return a valid address for FName::FName.

[2026-09-07 12:35:06.4680389] Lua Scan attempt 122 (Phase 2)
[2026-09-07 12:35:06.4769454] GNatives address: 0x14a39fec0 <- Lua Script
[2026-09-07 12:35:06.4809284] AOB scans could not be completed because of the following reasons:
Lua script 'FName_Constructor.lua' did not return a valid address for FName::FName.

[2026-09-07 12:35:06.4809413] Lua Scan attempt 123 (Phase 2)
[2026-09-07 12:35:06.4890849] GNatives address: 0x14a39fec0 <- Lua Script
[2026-09-07 12:35:06.4938545] AOB scans could not be completed because of the following reasons:
Lua script 'FName_Constructor.lua' did not return a valid address for FName::FName.

[2026-09-07 12:35:06.4938672] Lua Scan attempt 124 (Phase 2)
[2026-09-07 12:35:06.5011186] GNatives address: 0x14a39fec0 <- Lua Script
[2026-09-07 12:35:06.5097114] AOB scans could not be completed because of the following reasons:
Lua script 'FName_Constructor.lua' did not return a valid address for FName::FName.

[2026-09-07 12:35:06.5097239] Lua Scan attempt 125 (Phase 2)
[2026-09-07 12:35:06.5192420] GNatives address: 0x14a39fec0 <- Lua Script
[2026-09-07 12:35:06.5244765] AOB scans could not be completed because of the following reasons:
Lua script 'FName_Constructor.lua' did not return a valid address for FName::FName.

[2026-09-07 12:35:06.5244881] Lua Scan attempt 126 (Phase 2)
[2026-09-07 12:35:06.5336231] GNatives address: 0x14a39fec0 <- Lua Script
[2026-09-07 12:35:06.5384710] AOB scans could not be completed because of the following reasons:
Lua script 'FName_Constructor.lua' did not return a valid address for FName::FName.

[2026-09-07 12:35:06.5384839] Lua Scan attempt 127 (Phase 2)
[2026-09-07 12:35:06.5468097] GNatives address: 0x14a39fec0 <- Lua Script
[2026-09-07 12:35:06.5539424] AOB scans could not be completed because of the following reasons:
Lua script 'FName_Constructor.lua' did not return a valid address for FName::FName.

[2026-09-07 12:35:06.5539574] Lua Scan attempt 128 (Phase 2)
[2026-09-07 12:35:06.5617864] GNatives address: 0x14a39fec0 <- Lua Script
[2026-09-07 12:35:06.5679392] AOB scans could not be completed because of the following reasons:
Lua script 'FName_Constructor.lua' did not return a valid address for FName::FName.

[2026-09-07 12:35:06.5679537] Lua Scan attempt 129 (Phase 2)
[2026-09-07 12:35:06.5774358] GNatives address: 0x14a39fec0 <- Lua Script
[2026-09-07 12:35:06.5819979] AOB scans could not be completed because of the following reasons:
Lua script 'FName_Constructor.lua' did not return a valid address for FName::FName.

[2026-09-07 12:35:06.5820117] Lua Scan attempt 130 (Phase 2)
[2026-09-07 12:35:06.5918005] GNatives address: 0x14a39fec0 <- Lua Script
[2026-09-07 12:35:06.5962478] AOB scans could not be completed because of the following reasons:
Lua script 'FName_Constructor.lua' did not return a valid address for FName::FName.

[2026-09-07 12:35:06.5962630] Lua Scan attempt 131 (Phase 2)
[2026-09-07 12:35:06.6059418] GNatives address: 0x14a39fec0 <- Lua Script
[2026-09-07 12:35:06.6118904] AOB scans could not be completed because of the following reasons:
Lua script 'FName_Constructor.lua' did not return a valid address for FName::FName.

[2026-09-07 12:35:06.6119150] Lua Scan attempt 132 (Phase 2)
[2026-09-07 12:35:06.6194846] GNatives address: 0x14a39fec0 <- Lua Script
[2026-09-07 12:35:06.6247550] AOB scans could not be completed because of the following reasons:
Lua script 'FName_Constructor.lua' did not return a valid address for FName::FName.

[2026-09-07 12:35:06.6247660] Lua Scan attempt 133 (Phase 2)
[2026-09-07 12:35:06.6320959] GNatives address: 0x14a39fec0 <- Lua Script
[2026-09-07 12:35:06.6395937] AOB scans could not be completed because of the following reasons:
Lua script 'FName_Constructor.lua' did not return a valid address for FName::FName.

[2026-09-07 12:35:06.6396069] Lua Scan attempt 134 (Phase 2)
[2026-09-07 12:35:06.6469858] GNatives address: 0x14a39fec0 <- Lua Script
[2026-09-07 12:35:06.6551472] AOB scans could not be completed because of the following reasons:
Lua script 'FName_Constructor.lua' did not return a valid address for FName::FName.

[2026-09-07 12:35:06.6551611] Lua Scan attempt 135 (Phase 2)
[2026-09-07 12:35:06.6642930] GNatives address: 0x14a39fec0 <- Lua Script
[2026-09-07 12:35:06.6687908] AOB scans could not be completed because of the following reasons:
Lua script 'FName_Constructor.lua' did not return a valid address for FName::FName.

[2026-09-07 12:35:06.6688060] Lua Scan attempt 136 (Phase 2)
[2026-09-07 12:35:06.6765526] GNatives address: 0x14a39fec0 <- Lua Script
[2026-09-07 12:35:06.6821031] AOB scans could not be completed because of the following reasons:
Lua script 'FName_Constructor.lua' did not return a valid address for FName::FName.

[2026-09-07 12:35:06.6821149] Lua Scan attempt 137 (Phase 2)
[2026-09-07 12:35:06.6932360] GNatives address: 0x14a39fec0 <- Lua Script
[2026-09-07 12:35:06.6975376] AOB scans could not be completed because of the following reasons:
Lua script 'FName_Constructor.lua' did not return a valid address for FName::FName.

[2026-09-07 12:35:06.6975475] Lua Scan attempt 138 (Phase 2)
[2026-09-07 12:35:06.7048055] GNatives address: 0x14a39fec0 <- Lua Script
[2026-09-07 12:35:06.7110222] AOB scans could not be completed because of the following reasons:
Lua script 'FName_Constructor.lua' did not return a valid address for FName::FName.

[2026-09-07 12:35:06.7110345] Lua Scan attempt 139 (Phase 2)
[2026-09-07 12:35:06.7206116] GNatives address: 0x14a39fec0 <- Lua Script
[2026-09-07 12:35:06.7260236] AOB scans could not be completed because of the following reasons:
Lua script 'FName_Constructor.lua' did not return a valid address for FName::FName.

[2026-09-07 12:35:06.7260391] Lua Scan attempt 140 (Phase 2)
[2026-09-07 12:35:06.7348421] GNatives address: 0x14a39fec0 <- Lua Script
[2026-09-07 12:35:06.7426355] AOB scans could not be completed because of the following reasons:
Lua script 'FName_Constructor.lua' did not return a valid address for FName::FName.

[2026-09-07 12:35:06.7426486] Lua Scan attempt 141 (Phase 2)
[2026-09-07 12:35:06.7502719] GNatives address: 0x14a39fec0 <- Lua Script
[2026-09-07 12:35:06.7589585] AOB scans could not be completed because of the following reasons:
Lua script 'FName_Constructor.lua' did not return a valid address for FName::FName.

[2026-09-07 12:35:06.7589841] Lua Scan attempt 142 (Phase 2)
[2026-09-07 12:35:06.7685625] GNatives address: 0x14a39fec0 <- Lua Script
[2026-09-07 12:35:06.7741357] AOB scans could not be completed because of the following reasons:
Lua script 'FName_Constructor.lua' did not return a valid address for FName::FName.

[2026-09-07 12:35:06.7741719] Lua Scan attempt 143 (Phase 2)
[2026-09-07 12:35:06.7847903] GNatives address: 0x14a39fec0 <- Lua Script
[2026-09-07 12:35:06.7889523] AOB scans could not be completed because of the following reasons:
Lua script 'FName_Constructor.lua' did not return a valid address for FName::FName.

[2026-09-07 12:35:06.7889644] Lua Scan attempt 144 (Phase 2)
[2026-09-07 12:35:06.8019464] GNatives address: 0x14a39fec0 <- Lua Script
[2026-09-07 12:35:06.8126850] AOB scans could not be completed because of the following reasons:
Lua script 'FName_Constructor.lua' did not return a valid address for FName::FName.

[2026-09-07 12:35:06.8127074] Lua Scan attempt 145 (Phase 2)
[2026-09-07 12:35:06.8205474] GNatives address: 0x14a39fec0 <- Lua Script
[2026-09-07 12:35:06.8290384] AOB scans could not be completed because of the following reasons:
Lua script 'FName_Constructor.lua' did not return a valid address for FName::FName.

[2026-09-07 12:35:06.8290533] Lua Scan attempt 146 (Phase 2)
[2026-09-07 12:35:06.8376731] GNatives address: 0x14a39fec0 <- Lua Script
[2026-09-07 12:35:06.8420886] AOB scans could not be completed because of the following reasons:
Lua script 'FName_Constructor.lua' did not return a valid address for FName::FName.

[2026-09-07 12:35:06.8421012] Lua Scan attempt 147 (Phase 2)
[2026-09-07 12:35:06.8504358] GNatives address: 0x14a39fec0 <- Lua Script
[2026-09-07 12:35:06.8559359] AOB scans could not be completed because of the following reasons:
Lua script 'FName_Constructor.lua' did not return a valid address for FName::FName.

[2026-09-07 12:35:06.8559483] Lua Scan attempt 148 (Phase 2)
[2026-09-07 12:35:06.8657442] GNatives address: 0x14a39fec0 <- Lua Script
[2026-09-07 12:35:06.8710242] AOB scans could not be completed because of the following reasons:
Lua script 'FName_Constructor.lua' did not return a valid address for FName::FName.

[2026-09-07 12:35:06.8710383] Lua Scan attempt 149 (Phase 2)
[2026-09-07 12:35:06.8803632] GNatives address: 0x14a39fec0 <- Lua Script
[2026-09-07 12:35:06.8842343] AOB scans could not be completed because of the following reasons:
Lua script 'FName_Constructor.lua' did not return a valid address for FName::FName.

[2026-09-07 12:35:06.8842459] Lua Scan attempt 150 (Phase 2)
[2026-09-07 12:35:06.8915347] GNatives address: 0x14a39fec0 <- Lua Script
[2026-09-07 12:35:06.8973628] AOB scans could not be completed because of the following reasons:
Lua script 'FName_Constructor.lua' did not return a valid address for FName::FName.

[2026-09-07 12:35:06.8973772] Lua Scan attempt 151 (Phase 2)
[2026-09-07 12:35:06.9051213] GNatives address: 0x14a39fec0 <- Lua Script
[2026-09-07 12:35:06.9102712] AOB scans could not be completed because of the following reasons:
Lua script 'FName_Constructor.lua' did not return a valid address for FName::FName.

[2026-09-07 12:35:06.9103483] Lua Scan attempt 152 (Phase 2)
[2026-09-07 12:35:06.9202131] GNatives address: 0x14a39fec0 <- Lua Script
[2026-09-07 12:35:06.9253953] AOB scans could not be completed because of the following reasons:
Lua script 'FName_Constructor.lua' did not return a valid address for FName::FName.

[2026-09-07 12:35:06.9254152] Lua Scan attempt 153 (Phase 2)
[2026-09-07 12:35:06.9357303] GNatives address: 0x14a39fec0 <- Lua Script
[2026-09-07 12:35:06.9427559] AOB scans could not be completed because of the following reasons:
Lua script 'FName_Constructor.lua' did not return a valid address for FName::FName.

[2026-09-07 12:35:06.9427703] Lua Scan attempt 154 (Phase 2)
[2026-09-07 12:35:06.9501811] GNatives address: 0x14a39fec0 <- Lua Script
[2026-09-07 12:35:06.9553017] AOB scans could not be completed because of the following reasons:
Lua script 'FName_Constructor.lua' did not return a valid address for FName::FName.

[2026-09-07 12:35:06.9553158] Lua Scan attempt 155 (Phase 2)
[2026-09-07 12:35:06.9633773] GNatives address: 0x14a39fec0 <- Lua Script
[2026-09-07 12:35:06.9703814] AOB scans could not be completed because of the following reasons:
Lua script 'FName_Constructor.lua' did not return a valid address for FName::FName.

[2026-09-07 12:35:06.9704003] Lua Scan attempt 156 (Phase 2)
[2026-09-07 12:35:06.9790078] GNatives address: 0x14a39fec0 <- Lua Script
[2026-09-07 12:35:06.9844063] AOB scans could not be completed because of the following reasons:
Lua script 'FName_Constructor.lua' did not return a valid address for FName::FName.

[2026-09-07 12:35:06.9844190] Lua Scan attempt 157 (Phase 2)
[2026-09-07 12:35:06.9920641] GNatives address: 0x14a39fec0 <- Lua Script
[2026-09-07 12:35:06.9980092] AOB scans could not be completed because of the following reasons:
Lua script 'FName_Constructor.lua' did not return a valid address for FName::FName.

[2026-09-07 12:35:06.9980300] Lua Scan attempt 158 (Phase 2)
[2026-09-07 12:35:07.0055036] GNatives address: 0x14a39fec0 <- Lua Script
[2026-09-07 12:35:07.0119842] AOB scans could not be completed because of the following reasons:
Lua script 'FName_Constructor.lua' did not return a valid address for FName::FName.

[2026-09-07 12:35:07.0119950] Lua Scan attempt 159 (Phase 2)
[2026-09-07 12:35:07.0203947] GNatives address: 0x14a39fec0 <- Lua Script
[2026-09-07 12:35:07.0270165] AOB scans could not be completed because of the following reasons:
Lua script 'FName_Constructor.lua' did not return a valid address for FName::FName.

[2026-09-07 12:35:07.0270281] Lua Scan attempt 160 (Phase 2)
[2026-09-07 12:35:07.0359242] GNatives address: 0x14a39fec0 <- Lua Script
[2026-09-07 12:35:07.0433137] AOB scans could not be completed because of the following reasons:
Lua script 'FName_Constructor.lua' did not return a valid address for FName::FName.

[2026-09-07 12:35:07.0433286] Lua Scan attempt 161 (Phase 2)
[2026-09-07 12:35:07.0508855] GNatives address: 0x14a39fec0 <- Lua Script
[2026-09-07 12:35:07.0568194] AOB scans could not be completed because of the following reasons:
Lua script 'FName_Constructor.lua' did not return a valid address for FName::FName.

[2026-09-07 12:35:07.0568315] Lua Scan attempt 162 (Phase 2)
[2026-09-07 12:35:07.0654250] GNatives address: 0x14a39fec0 <- Lua Script
[2026-09-07 12:35:07.0729725] AOB scans could not be completed because of the following reasons:
Lua script 'FName_Constructor.lua' did not return a valid address for FName::FName.

[2026-09-07 12:35:07.0729863] Lua Scan attempt 163 (Phase 2)
[2026-09-07 12:35:07.0830271] GNatives address: 0x14a39fec0 <- Lua Script
[2026-09-07 12:35:07.0888227] AOB scans could not be completed because of the following reasons:
Lua script 'FName_Constructor.lua' did not return a valid address for FName::FName.

[2026-09-07 12:35:07.0888374] Lua Scan attempt 164 (Phase 2)
[2026-09-07 12:35:07.0990005] GNatives address: 0x14a39fec0 <- Lua Script
[2026-09-07 12:35:07.1042665] AOB scans could not be completed because of the following reasons:
Lua script 'FName_Constructor.lua' did not return a valid address for FName::FName.

[2026-09-07 12:35:07.1042816] Lua Scan attempt 165 (Phase 2)
[2026-09-07 12:35:07.1120867] GNatives address: 0x14a39fec0 <- Lua Script
[2026-09-07 12:35:07.1202823] AOB scans could not be completed because of the following reasons:
Lua script 'FName_Constructor.lua' did not return a valid address for FName::FName.

[2026-09-07 12:35:07.1202976] Lua Scan attempt 166 (Phase 2)
[2026-09-07 12:35:07.1281096] GNatives address: 0x14a39fec0 <- Lua Script
[2026-09-07 12:35:07.1351062] AOB scans could not be completed because of the following reasons:
Lua script 'FName_Constructor.lua' did not return a valid address for FName::FName.

[2026-09-07 12:35:07.1351182] Lua Scan attempt 167 (Phase 2)
[2026-09-07 12:35:07.1426215] GNatives address: 0x14a39fec0 <- Lua Script
[2026-09-07 12:35:07.1495663] AOB scans could not be completed because of the following reasons:
Lua script 'FName_Constructor.lua' did not return a valid address for FName::FName.

[2026-09-07 12:35:07.1495807] Lua Scan attempt 168 (Phase 2)
[2026-09-07 12:35:07.1587753] GNatives address: 0x14a39fec0 <- Lua Script
[2026-09-07 12:35:07.1654003] AOB scans could not be completed because of the following reasons:
Lua script 'FName_Constructor.lua' did not return a valid address for FName::FName.

[2026-09-07 12:35:07.1654147] Lua Scan attempt 169 (Phase 2)
[2026-09-07 12:35:07.1752711] GNatives address: 0x14a39fec0 <- Lua Script
[2026-09-07 12:35:07.1810695] AOB scans could not be completed because of the following reasons:
Lua script 'FName_Constructor.lua' did not return a valid address for FName::FName.

[2026-09-07 12:35:07.1810841] Lua Scan attempt 170 (Phase 2)
[2026-09-07 12:35:07.1885202] GNatives address: 0x14a39fec0 <- Lua Script
[2026-09-07 12:35:07.1951600] AOB scans could not be completed because of the following reasons:
Lua script 'FName_Constructor.lua' did not return a valid address for FName::FName.

[2026-09-07 12:35:07.1952243] Lua Scan attempt 171 (Phase 2)
[2026-09-07 12:35:07.2033424] GNatives address: 0x14a39fec0 <- Lua Script
[2026-09-07 12:35:07.2076251] AOB scans could not be completed because of the following reasons:
Lua script 'FName_Constructor.lua' did not return a valid address for FName::FName.

[2026-09-07 12:35:07.2076363] Lua Scan attempt 172 (Phase 2)
[2026-09-07 12:35:07.2169169] GNatives address: 0x14a39fec0 <- Lua Script
[2026-09-07 12:35:07.2219201] AOB scans could not be completed because of the following reasons:
Lua script 'FName_Constructor.lua' did not return a valid address for FName::FName.

[2026-09-07 12:35:07.2219298] Lua Scan attempt 173 (Phase 2)
[2026-09-07 12:35:07.2295986] GNatives address: 0x14a39fec0 <- Lua Script
[2026-09-07 12:35:07.2352456] AOB scans could not be completed because of the following reasons:
Lua script 'FName_Constructor.lua' did not return a valid address for FName::FName.

[2026-09-07 12:35:07.2352599] Lua Scan attempt 174 (Phase 2)
[2026-09-07 12:35:07.2431884] GNatives address: 0x14a39fec0 <- Lua Script
[2026-09-07 12:35:07.2476250] AOB scans could not be completed because of the following reasons:
Lua script 'FName_Constructor.lua' did not return a valid address for FName::FName.

[2026-09-07 12:35:07.2476360] Lua Scan attempt 175 (Phase 2)
[2026-09-07 12:35:07.2550069] GNatives address: 0x14a39fec0 <- Lua Script
[2026-09-07 12:35:07.2603691] AOB scans could not be completed because of the following reasons:
Lua script 'FName_Constructor.lua' did not return a valid address for FName::FName.

[2026-09-07 12:35:07.2603820] Lua Scan attempt 176 (Phase 2)
[2026-09-07 12:35:07.2692539] GNatives address: 0x14a39fec0 <- Lua Script
[2026-09-07 12:35:07.2738427] AOB scans could not be completed because of the following reasons:
Lua script 'FName_Constructor.lua' did not return a valid address for FName::FName.

[2026-09-07 12:35:07.2738527] Lua Scan attempt 177 (Phase 2)
[2026-09-07 12:35:07.2827300] GNatives address: 0x14a39fec0 <- Lua Script
[2026-09-07 12:35:07.2876228] AOB scans could not be completed because of the following reasons:
Lua script 'FName_Constructor.lua' did not return a valid address for FName::FName.

[2026-09-07 12:35:07.2876355] Lua Scan attempt 178 (Phase 2)
[2026-09-07 12:35:07.2973724] GNatives address: 0x14a39fec0 <- Lua Script
[2026-09-07 12:35:07.3038313] AOB scans could not be completed because of the following reasons:
Lua script 'FName_Constructor.lua' did not return a valid address for FName::FName.

[2026-09-07 12:35:07.3038440] Lua Scan attempt 179 (Phase 2)
[2026-09-07 12:35:07.3127449] GNatives address: 0x14a39fec0 <- Lua Script
[2026-09-07 12:35:07.3178156] AOB scans could not be completed because of the following reasons:
Lua script 'FName_Constructor.lua' did not return a valid address for FName::FName.

[2026-09-07 12:35:07.3178304] Lua Scan attempt 180 (Phase 2)
[2026-09-07 12:35:07.3256551] GNatives address: 0x14a39fec0 <- Lua Script
[2026-09-07 12:35:07.3326634] AOB scans could not be completed because of the following reasons:
Lua script 'FName_Constructor.lua' did not return a valid address for FName::FName.

[2026-09-07 12:35:07.3326756] Lua Scan attempt 181 (Phase 2)
[2026-09-07 12:35:07.3415735] GNatives address: 0x14a39fec0 <- Lua Script
[2026-09-07 12:35:07.3481924] AOB scans could not be completed because of the following reasons:
Lua script 'FName_Constructor.lua' did not return a valid address for FName::FName.

[2026-09-07 12:35:07.3482061] Lua Scan attempt 182 (Phase 2)
[2026-09-07 12:35:07.3583270] GNatives address: 0x14a39fec0 <- Lua Script
[2026-09-07 12:35:07.3649051] AOB scans could not be completed because of the following reasons:
Lua script 'FName_Constructor.lua' did not return a valid address for FName::FName.

[2026-09-07 12:35:07.3649205] Lua Scan attempt 183 (Phase 2)
[2026-09-07 12:35:07.3777821] GNatives address: 0x14a39fec0 <- Lua Script
[2026-09-07 12:35:07.3835945] AOB scans could not be completed because of the following reasons:
Lua script 'FName_Constructor.lua' did not return a valid address for FName::FName.

[2026-09-07 12:35:07.3836158] Lua Scan attempt 184 (Phase 2)
[2026-09-07 12:35:07.3934894] GNatives address: 0x14a39fec0 <- Lua Script
[2026-09-07 12:35:07.3987324] AOB scans could not be completed because of the following reasons:
Lua script 'FName_Constructor.lua' did not return a valid address for FName::FName.

[2026-09-07 12:35:07.3987446] Lua Scan attempt 185 (Phase 2)
[2026-09-07 12:35:07.4411507] GNatives address: 0x14a39fec0 <- Lua Script
[2026-09-07 12:35:07.4450151] AOB scans could not be completed because of the following reasons:
Lua script 'FName_Constructor.lua' did not return a valid address for FName::FName.

[2026-09-07 12:35:07.4450323] Lua Scan attempt 186 (Phase 2)
[2026-09-07 12:35:07.4554286] GNatives address: 0x14a39fec0 <- Lua Script
[2026-09-07 12:35:07.4600157] AOB scans could not be completed because of the following reasons:
Lua script 'FName_Constructor.lua' did not return a valid address for FName::FName.

[2026-09-07 12:35:07.4600300] Lua Scan attempt 187 (Phase 2)
[2026-09-07 12:35:07.4682212] GNatives address: 0x14a39fec0 <- Lua Script
[2026-09-07 12:35:07.4748606] AOB scans could not be completed because of the following reasons:
Lua script 'FName_Constructor.lua' did not return a valid address for FName::FName.

[2026-09-07 12:35:07.4748722] Lua Scan attempt 188 (Phase 2)
[2026-09-07 12:35:07.4823635] GNatives address: 0x14a39fec0 <- Lua Script
[2026-09-07 12:35:07.4907313] AOB scans could not be completed because of the following reasons:
Lua script 'FName_Constructor.lua' did not return a valid address for FName::FName.

[2026-09-07 12:35:07.4907446] Lua Scan attempt 189 (Phase 2)
[2026-09-07 12:35:07.4990910] GNatives address: 0x14a39fec0 <- Lua Script
[2026-09-07 12:35:07.5042817] AOB scans could not be completed because of the following reasons:
Lua script 'FName_Constructor.lua' did not return a valid address for FName::FName.

[2026-09-07 12:35:07.5042947] Lua Scan attempt 190 (Phase 2)
[2026-09-07 12:35:07.5118694] GNatives address: 0x14a39fec0 <- Lua Script
[2026-09-07 12:35:07.5173882] AOB scans could not be completed because of the following reasons:
Lua script 'FName_Constructor.lua' did not return a valid address for FName::FName.

[2026-09-07 12:35:07.5174008] Lua Scan attempt 191 (Phase 2)
[2026-09-07 12:35:07.5258533] GNatives address: 0x14a39fec0 <- Lua Script
[2026-09-07 12:35:07.5302741] AOB scans could not be completed because of the following reasons:
Lua script 'FName_Constructor.lua' did not return a valid address for FName::FName.

[2026-09-07 12:35:07.5302869] Lua Scan attempt 192 (Phase 2)
[2026-09-07 12:35:07.5399571] GNatives address: 0x14a39fec0 <- Lua Script
[2026-09-07 12:35:07.5456476] AOB scans could not be completed because of the following reasons:
Lua script 'FName_Constructor.lua' did not return a valid address for FName::FName.

[2026-09-07 12:35:07.5456590] Lua Scan attempt 193 (Phase 2)
[2026-09-07 12:35:07.5533227] GNatives address: 0x14a39fec0 <- Lua Script
[2026-09-07 12:35:07.5585742] AOB scans could not be completed because of the following reasons:
Lua script 'FName_Constructor.lua' did not return a valid address for FName::FName.

[2026-09-07 12:35:07.5585867] Lua Scan attempt 194 (Phase 2)
[2026-09-07 12:35:07.5664041] GNatives address: 0x14a39fec0 <- Lua Script
[2026-09-07 12:35:07.5726372] AOB scans could not be completed because of the following reasons:
Lua script 'FName_Constructor.lua' did not return a valid address for FName::FName.

[2026-09-07 12:35:07.5726514] Lua Scan attempt 195 (Phase 2)
[2026-09-07 12:35:07.5805756] GNatives address: 0x14a39fec0 <- Lua Script
[2026-09-07 12:35:07.5862070] AOB scans could not be completed because of the following reasons:
Lua script 'FName_Constructor.lua' did not return a valid address for FName::FName.

[2026-09-07 12:35:07.5862188] Lua Scan attempt 196 (Phase 2)
[2026-09-07 12:35:07.5951263] GNatives address: 0x14a39fec0 <- Lua Script
[2026-09-07 12:35:07.6003520] AOB scans could not be completed because of the following reasons:
Lua script 'FName_Constructor.lua' did not return a valid address for FName::FName.

[2026-09-07 12:35:07.6003642] Lua Scan attempt 197 (Phase 2)
[2026-09-07 12:35:07.6078574] GNatives address: 0x14a39fec0 <- Lua Script
[2026-09-07 12:35:07.6145450] AOB scans could not be completed because of the following reasons:
Lua script 'FName_Constructor.lua' did not return a valid address for FName::FName.

[2026-09-07 12:35:07.6145570] Lua Scan attempt 198 (Phase 2)
[2026-09-07 12:35:07.6219721] GNatives address: 0x14a39fec0 <- Lua Script
[2026-09-07 12:35:07.6268975] AOB scans could not be completed because of the following reasons:
Lua script 'FName_Constructor.lua' did not return a valid address for FName::FName.

[2026-09-07 12:35:07.6269114] Lua Scan attempt 199 (Phase 2)
[2026-09-07 12:35:07.6342214] GNatives address: 0x14a39fec0 <- Lua Script
[2026-09-07 12:35:07.6419943] AOB scans could not be completed because of the following reasons:
Lua script 'FName_Constructor.lua' did not return a valid address for FName::FName.

[2026-09-07 12:35:07.6420092] Lua Scan attempt 200 (Phase 2)
[2026-09-07 12:35:07.6496869] GNatives address: 0x14a39fec0 <- Lua Script
[2026-09-07 12:35:07.6567845] AOB scans could not be completed because of the following reasons:
Lua script 'FName_Constructor.lua' did not return a valid address for FName::FName.

[2026-09-07 12:35:07.6567984] Lua Scan attempt 201 (Phase 2)
[2026-09-07 12:35:07.6640464] GNatives address: 0x14a39fec0 <- Lua Script
[2026-09-07 12:35:07.6700783] AOB scans could not be completed because of the following reasons:
Lua script 'FName_Constructor.lua' did not return a valid address for FName::FName.

[2026-09-07 12:35:07.6700902] Lua Scan attempt 202 (Phase 2)
[2026-09-07 12:35:07.6786635] GNatives address: 0x14a39fec0 <- Lua Script
[2026-09-07 12:35:07.6847555] AOB scans could not be completed because of the following reasons:
Lua script 'FName_Constructor.lua' did not return a valid address for FName::FName.

[2026-09-07 12:35:07.6847698] Lua Scan attempt 203 (Phase 2)
[2026-09-07 12:35:07.6922641] GNatives address: 0x14a39fec0 <- Lua Script
[2026-09-07 12:35:07.6988991] AOB scans could not be completed because of the following reasons:
Lua script 'FName_Constructor.lua' did not return a valid address for FName::FName.

[2026-09-07 12:35:07.6989127] Lua Scan attempt 204 (Phase 2)
[2026-09-07 12:35:07.7085258] GNatives address: 0x14a39fec0 <- Lua Script
[2026-09-07 12:35:07.7145605] AOB scans could not be completed because of the following reasons:
Lua script 'FName_Constructor.lua' did not return a valid address for FName::FName.

[2026-09-07 12:35:07.7145815] Lua Scan attempt 205 (Phase 2)
[2026-09-07 12:35:07.7218686] GNatives address: 0x14a39fec0 <- Lua Script
[2026-09-07 12:35:07.7287666] AOB scans could not be completed because of the following reasons:
Lua script 'FName_Constructor.lua' did not return a valid address for FName::FName.

[2026-09-07 12:35:07.7287798] Lua Scan attempt 206 (Phase 2)
[2026-09-07 12:35:07.7372177] GNatives address: 0x14a39fec0 <- Lua Script
[2026-09-07 12:35:07.7440238] AOB scans could not be completed because of the following reasons:
Lua script 'FName_Constructor.lua' did not return a valid address for FName::FName.

[2026-09-07 12:35:07.7440366] Lua Scan attempt 207 (Phase 2)
[2026-09-07 12:35:07.7514707] GNatives address: 0x14a39fec0 <- Lua Script
[2026-09-07 12:35:07.7578431] AOB scans could not be completed because of the following reasons:
Lua script 'FName_Constructor.lua' did not return a valid address for FName::FName.

[2026-09-07 12:35:07.7578578] Lua Scan attempt 208 (Phase 2)
[2026-09-07 12:35:07.7676490] GNatives address: 0x14a39fec0 <- Lua Script
[2026-09-07 12:35:07.7730302] AOB scans could not be completed because of the following reasons:
Lua script 'FName_Constructor.lua' did not return a valid address for FName::FName.

[2026-09-07 12:35:07.7730448] Lua Scan attempt 209 (Phase 2)
[2026-09-07 12:35:07.7814462] GNatives address: 0x14a39fec0 <- Lua Script
[2026-09-07 12:35:07.7861315] AOB scans could not be completed because of the following reasons:
Lua script 'FName_Constructor.lua' did not return a valid address for FName::FName.

[2026-09-07 12:35:07.7861473] Lua Scan attempt 210 (Phase 2)
[2026-09-07 12:35:07.7972477] GNatives address: 0x14a39fec0 <- Lua Script
[2026-09-07 12:35:07.8162542] AOB scans could not be completed because of the following reasons:
Lua script 'FName_Constructor.lua' did not return a valid address for FName::FName.

[2026-09-07 12:35:07.8162869] Lua Scan attempt 211 (Phase 2)
[2026-09-07 12:35:07.8241997] GNatives address: 0x14a39fec0 <- Lua Script
[2026-09-07 12:35:07.8306897] AOB scans could not be completed because of the following reasons:
Lua script 'FName_Constructor.lua' did not return a valid address for FName::FName.

[2026-09-07 12:35:07.8307022] Lua Scan attempt 212 (Phase 2)
[2026-09-07 12:35:07.8400770] GNatives address: 0x14a39fec0 <- Lua Script
[2026-09-07 12:35:07.8456409] AOB scans could not be completed because of the following reasons:
Lua script 'FName_Constructor.lua' did not return a valid address for FName::FName.

[2026-09-07 12:35:07.8456555] Lua Scan attempt 213 (Phase 2)
[2026-09-07 12:35:07.8537590] GNatives address: 0x14a39fec0 <- Lua Script
[2026-09-07 12:35:07.8595117] AOB scans could not be completed because of the following reasons:
Lua script 'FName_Constructor.lua' did not return a valid address for FName::FName.

[2026-09-07 12:35:07.8595271] Lua Scan attempt 214 (Phase 2)
[2026-09-07 12:35:07.8669462] GNatives address: 0x14a39fec0 <- Lua Script
[2026-09-07 12:35:07.8752656] AOB scans could not be completed because of the following reasons:
Lua script 'FName_Constructor.lua' did not return a valid address for FName::FName.

[2026-09-07 12:35:07.8752811] Lua Scan attempt 215 (Phase 2)
[2026-09-07 12:35:07.8829249] GNatives address: 0x14a39fec0 <- Lua Script
[2026-09-07 12:35:07.8897765] AOB scans could not be completed because of the following reasons:
Lua script 'FName_Constructor.lua' did not return a valid address for FName::FName.

[2026-09-07 12:35:07.8897888] Lua Scan attempt 216 (Phase 2)
[2026-09-07 12:35:07.8994273] GNatives address: 0x14a39fec0 <- Lua Script
[2026-09-07 12:35:07.9051689] AOB scans could not be completed because of the following reasons:
Lua script 'FName_Constructor.lua' did not return a valid address for FName::FName.

[2026-09-07 12:35:07.9051809] Lua Scan attempt 217 (Phase 2)
[2026-09-07 12:35:07.9145645] GNatives address: 0x14a39fec0 <- Lua Script
[2026-09-07 12:35:07.9191433] AOB scans could not be completed because of the following reasons:
Lua script 'FName_Constructor.lua' did not return a valid address for FName::FName.

[2026-09-07 12:35:07.9191581] Lua Scan attempt 218 (Phase 2)
[2026-09-07 12:35:07.9273955] GNatives address: 0x14a39fec0 <- Lua Script
[2026-09-07 12:35:07.9350559] AOB scans could not be completed because of the following reasons:
Lua script 'FName_Constructor.lua' did not return a valid address for FName::FName.

[2026-09-07 12:35:07.9358582] Lua Scan attempt 219 (Phase 2)
[2026-09-07 12:35:07.9433877] GNatives address: 0x14a39fec0 <- Lua Script
[2026-09-07 12:35:07.9512294] AOB scans could not be completed because of the following reasons:
Lua script 'FName_Constructor.lua' did not return a valid address for FName::FName.

[2026-09-07 12:35:07.9512419] Lua Scan attempt 220 (Phase 2)
[2026-09-07 12:35:07.9823976] GNatives address: 0x14a39fec0 <- Lua Script
[2026-09-07 12:35:07.9872164] AOB scans could not be completed because of the following reasons:
Lua script 'FName_Constructor.lua' did not return a valid address for FName::FName.

[2026-09-07 12:35:07.9872641] Lua Scan attempt 221 (Phase 2)
[2026-09-07 12:35:07.9979156] GNatives address: 0x14a39fec0 <- Lua Script
[2026-09-07 12:35:08.0037730] AOB scans could not be completed because of the following reasons:
Lua script 'FName_Constructor.lua' did not return a valid address for FName::FName.

[2026-09-07 12:35:08.0037852] Lua Scan attempt 222 (Phase 2)
[2026-09-07 12:35:08.0131703] GNatives address: 0x14a39fec0 <- Lua Script
[2026-09-07 12:35:08.0201768] AOB scans could not be completed because of the following reasons:
Lua script 'FName_Constructor.lua' did not return a valid address for FName::FName.

[2026-09-07 12:35:08.0201900] Lua Scan attempt 223 (Phase 2)
[2026-09-07 12:35:08.0297149] GNatives address: 0x14a39fec0 <- Lua Script
[2026-09-07 12:35:08.0357628] AOB scans could not be completed because of the following reasons:
Lua script 'FName_Constructor.lua' did not return a valid address for FName::FName.

[2026-09-07 12:35:08.0357756] Lua Scan attempt 224 (Phase 2)
[2026-09-07 12:35:08.0445561] GNatives address: 0x14a39fec0 <- Lua Script
[2026-09-07 12:35:08.0494857] AOB scans could not be completed because of the following reasons:
Lua script 'FName_Constructor.lua' did not return a valid address for FName::FName.

[2026-09-07 12:35:08.0495004] Lua Scan attempt 225 (Phase 2)
[2026-09-07 12:35:08.0587165] GNatives address: 0x14a39fec0 <- Lua Script
[2026-09-07 12:35:08.0653502] AOB scans could not be completed because of the following reasons:
Lua script 'FName_Constructor.lua' did not return a valid address for FName::FName.

[2026-09-07 12:35:08.0653632] Lua Scan attempt 226 (Phase 2)
[2026-09-07 12:35:08.0933131] GNatives address: 0x14a39fec0 <- Lua Script
[2026-09-07 12:35:08.0970270] AOB scans could not be completed because of the following reasons:
Lua script 'FName_Constructor.lua' did not return a valid address for FName::FName.

[2026-09-07 12:35:08.0970636] Lua Scan attempt 227 (Phase 2)
[2026-09-07 12:35:08.1078493] GNatives address: 0x14a39fec0 <- Lua Script
[2026-09-07 12:35:08.1140320] AOB scans could not be completed because of the following reasons:
Lua script 'FName_Constructor.lua' did not return a valid address for FName::FName.

[2026-09-07 12:35:08.1140473] Lua Scan attempt 228 (Phase 2)
[2026-09-07 12:35:08.1243935] GNatives address: 0x14a39fec0 <- Lua Script
[2026-09-07 12:35:08.1298664] AOB scans could not be completed because of the following reasons:
Lua script 'FName_Constructor.lua' did not return a valid address for FName::FName.

[2026-09-07 12:35:08.1298790] Lua Scan attempt 229 (Phase 2)
[2026-09-07 12:35:08.1408827] GNatives address: 0x14a39fec0 <- Lua Script
[2026-09-07 12:35:08.1481500] AOB scans could not be completed because of the following reasons:
Lua script 'FName_Constructor.lua' did not return a valid address for FName::FName.

[2026-09-07 12:35:08.1481843] Lua Scan attempt 230 (Phase 2)
[2026-09-07 12:35:08.1613317] GNatives address: 0x14a39fec0 <- Lua Script
[2026-09-07 12:35:08.1664446] AOB scans could not be completed because of the following reasons:
Lua script 'FName_Constructor.lua' did not return a valid address for FName::FName.

[2026-09-07 12:35:08.1664690] Lua Scan attempt 231 (Phase 2)
[2026-09-07 12:35:08.1785044] GNatives address: 0x14a39fec0 <- Lua Script
[2026-09-07 12:35:08.1829378] AOB scans could not be completed because of the following reasons:
Lua script 'FName_Constructor.lua' did not return a valid address for FName::FName.

[2026-09-07 12:35:08.1829577] Lua Scan attempt 232 (Phase 2)
[2026-09-07 12:35:08.1937857] GNatives address: 0x14a39fec0 <- Lua Script
[2026-09-07 12:35:08.2011059] AOB scans could not be completed because of the following reasons:
Lua script 'FName_Constructor.lua' did not return a valid address for FName::FName.

[2026-09-07 12:35:08.2011249] Lua Scan attempt 233 (Phase 2)
[2026-09-07 12:35:08.2119397] GNatives address: 0x14a39fec0 <- Lua Script
[2026-09-07 12:35:08.2176530] AOB scans could not be completed because of the following reasons:
Lua script 'FName_Constructor.lua' did not return a valid address for FName::FName.

[2026-09-07 12:35:08.2176677] Lua Scan attempt 234 (Phase 2)
[2026-09-07 12:35:08.2288618] GNatives address: 0x14a39fec0 <- Lua Script
[2026-09-07 12:35:08.2367567] AOB scans could not be completed because of the following reasons:
Lua script 'FName_Constructor.lua' did not return a valid address for FName::FName.

[2026-09-07 12:35:08.2367725] Lua Scan attempt 235 (Phase 2)
[2026-09-07 12:35:08.2470496] GNatives address: 0x14a39fec0 <- Lua Script
[2026-09-07 12:35:08.2724672] AOB scans could not be completed because of the following reasons:
Lua script 'FName_Constructor.lua' did not return a valid address for FName::FName.

[2026-09-07 12:35:08.2725275] Lua Scan attempt 236 (Phase 2)
[2026-09-07 12:35:08.2836517] GNatives address: 0x14a39fec0 <- Lua Script
[2026-09-07 12:35:08.2934244] AOB scans could not be completed because of the following reasons:
Lua script 'FName_Constructor.lua' did not return a valid address for FName::FName.

[2026-09-07 12:35:08.2934465] Lua Scan attempt 237 (Phase 2)
[2026-09-07 12:35:08.3052738] GNatives address: 0x14a39fec0 <- Lua Script
[2026-09-07 12:35:08.3154059] AOB scans could not be completed because of the following reasons:
Lua script 'FName_Constructor.lua' did not return a valid address for FName::FName.

[2026-09-07 12:35:08.3154289] Lua Scan attempt 238 (Phase 2)
[2026-09-07 12:35:08.3276625] GNatives address: 0x14a39fec0 <- Lua Script
[2026-09-07 12:35:08.3356386] AOB scans could not be completed because of the following reasons:
Lua script 'FName_Constructor.lua' did not return a valid address for FName::FName.

[2026-09-07 12:35:08.3356580] Lua Scan attempt 239 (Phase 2)
[2026-09-07 12:35:08.3466180] GNatives address: 0x14a39fec0 <- Lua Script
[2026-09-07 12:35:08.3538169] AOB scans could not be completed because of the following reasons:
Lua script 'FName_Constructor.lua' did not return a valid address for FName::FName.

[2026-09-07 12:35:08.3538387] Lua Scan attempt 240 (Phase 2)
[2026-09-07 12:35:08.3667084] GNatives address: 0x14a39fec0 <- Lua Script
[2026-09-07 12:35:08.3772807] AOB scans could not be completed because of the following reasons:
Lua script 'FName_Constructor.lua' did not return a valid address for FName::FName.

[2026-09-07 12:35:08.3773088] Lua Scan attempt 241 (Phase 2)
[2026-09-07 12:35:08.3877276] GNatives address: 0x14a39fec0 <- Lua Script
[2026-09-07 12:35:08.3936262] AOB scans could not be completed because of the following reasons:
Lua script 'FName_Constructor.lua' did not return a valid address for FName::FName.

[2026-09-07 12:35:08.3936407] Lua Scan attempt 242 (Phase 2)
[2026-09-07 12:35:08.4033242] GNatives address: 0x14a39fec0 <- Lua Script
[2026-09-07 12:35:08.4099249] AOB scans could not be completed because of the following reasons:
Lua script 'FName_Constructor.lua' did not return a valid address for FName::FName.

[2026-09-07 12:35:08.4099425] Lua Scan attempt 243 (Phase 2)
[2026-09-07 12:35:08.4189179] GNatives address: 0x14a39fec0 <- Lua Script
[2026-09-07 12:35:08.4257615] AOB scans could not be completed because of the following reasons:
Lua script 'FName_Constructor.lua' did not return a valid address for FName::FName.

[2026-09-07 12:35:08.4257768] Lua Scan attempt 244 (Phase 2)
[2026-09-07 12:35:08.4358742] GNatives address: 0x14a39fec0 <- Lua Script
[2026-09-07 12:35:08.4417899] AOB scans could not be completed because of the following reasons:
Lua script 'FName_Constructor.lua' did not return a valid address for FName::FName.

[2026-09-07 12:35:08.4418026] Lua Scan attempt 245 (Phase 2)
[2026-09-07 12:35:08.4509430] GNatives address: 0x14a39fec0 <- Lua Script
[2026-09-07 12:35:08.4611115] AOB scans could not be completed because of the following reasons:
Lua script 'FName_Constructor.lua' did not return a valid address for FName::FName.

[2026-09-07 12:35:08.4611275] Lua Scan attempt 246 (Phase 2)
[2026-09-07 12:35:08.4703325] GNatives address: 0x14a39fec0 <- Lua Script
[2026-09-07 12:35:08.4772073] AOB scans could not be completed because of the following reasons:
Lua script 'FName_Constructor.lua' did not return a valid address for FName::FName.

[2026-09-07 12:35:08.4772190] Lua Scan attempt 247 (Phase 2)
[2026-09-07 12:35:08.4861469] GNatives address: 0x14a39fec0 <- Lua Script
[2026-09-07 12:35:08.4935068] AOB scans could not be completed because of the following reasons:
Lua script 'FName_Constructor.lua' did not return a valid address for FName::FName.

[2026-09-07 12:35:08.4935212] Lua Scan attempt 248 (Phase 2)
[2026-09-07 12:35:08.5029591] GNatives address: 0x14a39fec0 <- Lua Script
[2026-09-07 12:35:08.5088439] AOB scans could not be completed because of the following reasons:
Lua script 'FName_Constructor.lua' did not return a valid address for FName::FName.

[2026-09-07 12:35:08.5088570] Lua Scan attempt 249 (Phase 2)
[2026-09-07 12:35:08.5175290] GNatives address: 0x14a39fec0 <- Lua Script
[2026-09-07 12:35:08.5234603] AOB scans could not be completed because of the following reasons:
Lua script 'FName_Constructor.lua' did not return a valid address for FName::FName.

[2026-09-07 12:35:08.5234744] Lua Scan attempt 250 (Phase 2)
[2026-09-07 12:35:08.5328044] GNatives address: 0x14a39fec0 <- Lua Script
[2026-09-07 12:35:08.5387067] AOB scans could not be completed because of the following reasons:
Lua script 'FName_Constructor.lua' did not return a valid address for FName::FName.

[2026-09-07 12:35:08.5387172] Lua Scan attempt 251 (Phase 2)
[2026-09-07 12:35:08.5488730] GNatives address: 0x14a39fec0 <- Lua Script
[2026-09-07 12:35:08.5552660] AOB scans could not be completed because of the following reasons:
Lua script 'FName_Constructor.lua' did not return a valid address for FName::FName.

[2026-09-07 12:35:08.5552800] Lua Scan attempt 252 (Phase 2)
[2026-09-07 12:35:08.5642889] GNatives address: 0x14a39fec0 <- Lua Script
[2026-09-07 12:35:08.5709379] AOB scans could not be completed because of the following reasons:
Lua script 'FName_Constructor.lua' did not return a valid address for FName::FName.

[2026-09-07 12:35:08.5709546] Lua Scan attempt 253 (Phase 2)
[2026-09-07 12:35:08.5791707] GNatives address: 0x14a39fec0 <- Lua Script
[2026-09-07 12:35:08.5863111] AOB scans could not be completed because of the following reasons:
Lua script 'FName_Constructor.lua' did not return a valid address for FName::FName.

[2026-09-07 12:35:08.5863272] Lua Scan attempt 254 (Phase 2)
[2026-09-07 12:35:08.5963012] GNatives address: 0x14a39fec0 <- Lua Script
[2026-09-07 12:35:08.6021331] AOB scans could not be completed because of the following reasons:
Lua script 'FName_Constructor.lua' did not return a valid address for FName::FName.

[2026-09-07 12:35:08.6021574] Lua Scan attempt 255 (Phase 2)
[2026-09-07 12:35:08.6127445] GNatives address: 0x14a39fec0 <- Lua Script
[2026-09-07 12:35:08.6176457] AOB scans could not be completed because of the following reasons:
Lua script 'FName_Constructor.lua' did not return a valid address for FName::FName.

[2026-09-07 12:35:08.6176611] Lua Scan attempt 256 (Phase 2)
[2026-09-07 12:35:08.6264856] GNatives address: 0x14a39fec0 <- Lua Script
[2026-09-07 12:35:08.6331832] AOB scans could not be completed because of the following reasons:
Lua script 'FName_Constructor.lua' did not return a valid address for FName::FName.

[2026-09-07 12:35:08.6331955] Lua Scan attempt 257 (Phase 2)
[2026-09-07 12:35:08.6423576] GNatives address: 0x14a39fec0 <- Lua Script
[2026-09-07 12:35:08.6479967] AOB scans could not be completed because of the following reasons:
Lua script 'FName_Constructor.lua' did not return a valid address for FName::FName.

[2026-09-07 12:35:08.6480097] Lua Scan attempt 258 (Phase 2)
[2026-09-07 12:35:08.6566695] GNatives address: 0x14a39fec0 <- Lua Script
[2026-09-07 12:35:08.6629924] AOB scans could not be completed because of the following reasons:
Lua script 'FName_Constructor.lua' did not return a valid address for FName::FName.

[2026-09-07 12:35:08.6630063] Lua Scan attempt 259 (Phase 2)
[2026-09-07 12:35:08.6715949] GNatives address: 0x14a39fec0 <- Lua Script
[2026-09-07 12:35:08.6789572] AOB scans could not be completed because of the following reasons:
Lua script 'FName_Constructor.lua' did not return a valid address for FName::FName.

[2026-09-07 12:35:08.6789703] Lua Scan attempt 260 (Phase 2)
[2026-09-07 12:35:08.6880679] GNatives address: 0x14a39fec0 <- Lua Script
[2026-09-07 12:35:08.6950471] AOB scans could not be completed because of the following reasons:
Lua script 'FName_Constructor.lua' did not return a valid address for FName::FName.

[2026-09-07 12:35:08.6950655] Lua Scan attempt 261 (Phase 2)
[2026-09-07 12:35:08.7039006] GNatives address: 0x14a39fec0 <- Lua Script
[2026-09-07 12:35:08.7107045] AOB scans could not be completed because of the following reasons:
Lua script 'FName_Constructor.lua' did not return a valid address for FName::FName.

[2026-09-07 12:35:08.7107199] Lua Scan attempt 262 (Phase 2)
[2026-09-07 12:35:08.7191632] GNatives address: 0x14a39fec0 <- Lua Script
[2026-09-07 12:35:08.7255857] AOB scans could not be completed because of the following reasons:
Lua script 'FName_Constructor.lua' did not return a valid address for FName::FName.

[2026-09-07 12:35:08.7255981] Lua Scan attempt 263 (Phase 2)
[2026-09-07 12:35:08.7343640] GNatives address: 0x14a39fec0 <- Lua Script
[2026-09-07 12:35:08.7403947] AOB scans could not be completed because of the following reasons:
Lua script 'FName_Constructor.lua' did not return a valid address for FName::FName.

[2026-09-07 12:35:08.7404073] Lua Scan attempt 264 (Phase 2)
[2026-09-07 12:35:08.7481688] GNatives address: 0x14a39fec0 <- Lua Script
[2026-09-07 12:35:08.7556440] AOB scans could not be completed because of the following reasons:
Lua script 'FName_Constructor.lua' did not return a valid address for FName::FName.

[2026-09-07 12:35:08.7556567] Lua Scan attempt 265 (Phase 2)
[2026-09-07 12:35:08.7632195] GNatives address: 0x14a39fec0 <- Lua Script
[2026-09-07 12:35:08.7688202] AOB scans could not be completed because of the following reasons:
Lua script 'FName_Constructor.lua' did not return a valid address for FName::FName.

[2026-09-07 12:35:08.7688325] Lua Scan attempt 266 (Phase 2)
[2026-09-07 12:35:08.7784630] GNatives address: 0x14a39fec0 <- Lua Script
[2026-09-07 12:35:08.7830410] AOB scans could not be completed because of the following reasons:
Lua script 'FName_Constructor.lua' did not return a valid address for FName::FName.

[2026-09-07 12:35:08.7830508] Lua Scan attempt 267 (Phase 2)
[2026-09-07 12:35:08.7913541] GNatives address: 0x14a39fec0 <- Lua Script
[2026-09-07 12:35:08.7988214] AOB scans could not be completed because of the following reasons:
Lua script 'FName_Constructor.lua' did not return a valid address for FName::FName.

[2026-09-07 12:35:08.7988346] Lua Scan attempt 268 (Phase 2)
[2026-09-07 12:35:08.8070680] GNatives address: 0x14a39fec0 <- Lua Script
[2026-09-07 12:35:08.8126277] AOB scans could not be completed because of the following reasons:
Lua script 'FName_Constructor.lua' did not return a valid address for FName::FName.

[2026-09-07 12:35:08.8126419] Lua Scan attempt 269 (Phase 2)
[2026-09-07 12:35:08.8213225] GNatives address: 0x14a39fec0 <- Lua Script
[2026-09-07 12:35:08.8281274] AOB scans could not be completed because of the following reasons:
Lua script 'FName_Constructor.lua' did not return a valid address for FName::FName.

[2026-09-07 12:35:08.8281449] Lua Scan attempt 270 (Phase 2)
[2026-09-07 12:35:08.8368240] GNatives address: 0x14a39fec0 <- Lua Script
[2026-09-07 12:35:08.8409988] AOB scans could not be completed because of the following reasons:
Lua script 'FName_Constructor.lua' did not return a valid address for FName::FName.

[2026-09-07 12:35:08.8410106] Lua Scan attempt 271 (Phase 2)
[2026-09-07 12:35:08.8484076] GNatives address: 0x14a39fec0 <- Lua Script
[2026-09-07 12:35:08.8543948] AOB scans could not be completed because of the following reasons:
Lua script 'FName_Constructor.lua' did not return a valid address for FName::FName.

[2026-09-07 12:35:08.8544063] Lua Scan attempt 272 (Phase 2)
[2026-09-07 12:35:08.8619386] GNatives address: 0x14a39fec0 <- Lua Script
[2026-09-07 12:35:08.8685280] AOB scans could not be completed because of the following reasons:
Lua script 'FName_Constructor.lua' did not return a valid address for FName::FName.

[2026-09-07 12:35:08.8685504] Lua Scan attempt 273 (Phase 2)
[2026-09-07 12:35:08.8770477] GNatives address: 0x14a39fec0 <- Lua Script
[2026-09-07 12:35:08.8824603] AOB scans could not be completed because of the following reasons:
Lua script 'FName_Constructor.lua' did not return a valid address for FName::FName.

[2026-09-07 12:35:08.8824816] Lua Scan attempt 274 (Phase 2)
[2026-09-07 12:35:08.8898832] GNatives address: 0x14a39fec0 <- Lua Script
[2026-09-07 12:35:08.8958397] AOB scans could not be completed because of the following reasons:
Lua script 'FName_Constructor.lua' did not return a valid address for FName::FName.

[2026-09-07 12:35:08.8958603] Lua Scan attempt 275 (Phase 2)
[2026-09-07 12:35:08.9052305] GNatives address: 0x14a39fec0 <- Lua Script
[2026-09-07 12:35:08.9110165] AOB scans could not be completed because of the following reasons:
Lua script 'FName_Constructor.lua' did not return a valid address for FName::FName.

[2026-09-07 12:35:08.9110315] Lua Scan attempt 276 (Phase 2)
[2026-09-07 12:35:08.9187043] GNatives address: 0x14a39fec0 <- Lua Script
[2026-09-07 12:35:08.9246193] AOB scans could not be completed because of the following reasons:
Lua script 'FName_Constructor.lua' did not return a valid address for FName::FName.

[2026-09-07 12:35:08.9246311] Lua Scan attempt 277 (Phase 2)
[2026-09-07 12:35:08.9319616] GNatives address: 0x14a39fec0 <- Lua Script
[2026-09-07 12:35:08.9382423] AOB scans could not be completed because of the following reasons:
Lua script 'FName_Constructor.lua' did not return a valid address for FName::FName.

[2026-09-07 12:35:08.9382566] Lua Scan attempt 278 (Phase 2)
[2026-09-07 12:35:08.9483347] GNatives address: 0x14a39fec0 <- Lua Script
[2026-09-07 12:35:08.9528354] AOB scans could not be completed because of the following reasons:
Lua script 'FName_Constructor.lua' did not return a valid address for FName::FName.

[2026-09-07 12:35:08.9528507] Lua Scan attempt 279 (Phase 2)
[2026-09-07 12:35:08.9616475] GNatives address: 0x14a39fec0 <- Lua Script
[2026-09-07 12:35:08.9670242] AOB scans could not be completed because of the following reasons:
Lua script 'FName_Constructor.lua' did not return a valid address for FName::FName.

[2026-09-07 12:35:08.9670394] Lua Scan attempt 280 (Phase 2)
[2026-09-07 12:35:08.9762523] GNatives address: 0x14a39fec0 <- Lua Script
[2026-09-07 12:35:08.9807765] AOB scans could not be completed because of the following reasons:
Lua script 'FName_Constructor.lua' did not return a valid address for FName::FName.

[2026-09-07 12:35:08.9807900] Lua Scan attempt 281 (Phase 2)
[2026-09-07 12:35:08.9892217] GNatives address: 0x14a39fec0 <- Lua Script
[2026-09-07 12:35:08.9946021] AOB scans could not be completed because of the following reasons:
Lua script 'FName_Constructor.lua' did not return a valid address for FName::FName.

[2026-09-07 12:35:08.9946156] Lua Scan attempt 282 (Phase 2)
[2026-09-07 12:35:09.0019946] GNatives address: 0x14a39fec0 <- Lua Script
[2026-09-07 12:35:09.0069271] AOB scans could not be completed because of the following reasons:
Lua script 'FName_Constructor.lua' did not return a valid address for FName::FName.

[2026-09-07 12:35:09.0069372] Lua Scan attempt 283 (Phase 2)
[2026-09-07 12:35:09.0153246] GNatives address: 0x14a39fec0 <- Lua Script
[2026-09-07 12:35:09.0205306] AOB scans could not be completed because of the following reasons:
Lua script 'FName_Constructor.lua' did not return a valid address for FName::FName.

[2026-09-07 12:35:09.0205438] Lua Scan attempt 284 (Phase 2)
[2026-09-07 12:35:09.0281887] GNatives address: 0x14a39fec0 <- Lua Script
[2026-09-07 12:35:09.0340012] AOB scans could not be completed because of the following reasons:
Lua script 'FName_Constructor.lua' did not return a valid address for FName::FName.

[2026-09-07 12:35:09.0340130] Lua Scan attempt 285 (Phase 2)
[2026-09-07 12:35:09.0415639] GNatives address: 0x14a39fec0 <- Lua Script
[2026-09-07 12:35:09.0472523] AOB scans could not be completed because of the following reasons:
Lua script 'FName_Constructor.lua' did not return a valid address for FName::FName.

[2026-09-07 12:35:09.0472638] Lua Scan attempt 286 (Phase 2)
[2026-09-07 12:35:09.0545907] GNatives address: 0x14a39fec0 <- Lua Script
[2026-09-07 12:35:09.0630634] AOB scans could not be completed because of the following reasons:
Lua script 'FName_Constructor.lua' did not return a valid address for FName::FName.

[2026-09-07 12:35:09.0630824] Lua Scan attempt 287 (Phase 2)
[2026-09-07 12:35:09.0706058] GNatives address: 0x14a39fec0 <- Lua Script
[2026-09-07 12:35:09.0755808] AOB scans could not be completed because of the following reasons:
Lua script 'FName_Constructor.lua' did not return a valid address for FName::FName.

[2026-09-07 12:35:09.0755920] Lua Scan attempt 288 (Phase 2)
[2026-09-07 12:35:09.0829426] GNatives address: 0x14a39fec0 <- Lua Script
[2026-09-07 12:35:09.0879467] AOB scans could not be completed because of the following reasons:
Lua script 'FName_Constructor.lua' did not return a valid address for FName::FName.

[2026-09-07 12:35:09.0879589] Lua Scan attempt 289 (Phase 2)
[2026-09-07 12:35:09.0964494] GNatives address: 0x14a39fec0 <- Lua Script
[2026-09-07 12:35:09.1010997] AOB scans could not be completed because of the following reasons:
Lua script 'FName_Constructor.lua' did not return a valid address for FName::FName.

[2026-09-07 12:35:09.1011158] Lua Scan attempt 290 (Phase 2)
[2026-09-07 12:35:09.1098077] GNatives address: 0x14a39fec0 <- Lua Script
[2026-09-07 12:35:09.1141555] AOB scans could not be completed because of the following reasons:
Lua script 'FName_Constructor.lua' did not return a valid address for FName::FName.

[2026-09-07 12:35:09.1141667] Lua Scan attempt 291 (Phase 2)
[2026-09-07 12:35:09.1244803] GNatives address: 0x14a39fec0 <- Lua Script
[2026-09-07 12:35:09.1289189] AOB scans could not be completed because of the following reasons:
Lua script 'FName_Constructor.lua' did not return a valid address for FName::FName.

[2026-09-07 12:35:09.1289336] Lua Scan attempt 292 (Phase 2)
[2026-09-07 12:35:09.1383694] GNatives address: 0x14a39fec0 <- Lua Script
[2026-09-07 12:35:09.1444156] AOB scans could not be completed because of the following reasons:
Lua script 'FName_Constructor.lua' did not return a valid address for FName::FName.

[2026-09-07 12:35:09.1444293] Lua Scan attempt 293 (Phase 2)
[2026-09-07 12:35:09.1535578] GNatives address: 0x14a39fec0 <- Lua Script
[2026-09-07 12:35:09.1602261] AOB scans could not be completed because of the following reasons:
Lua script 'FName_Constructor.lua' did not return a valid address for FName::FName.

[2026-09-07 12:35:09.1602422] Lua Scan attempt 294 (Phase 2)
[2026-09-07 12:35:09.1697690] GNatives address: 0x14a39fec0 <- Lua Script
[2026-09-07 12:35:09.1755498] AOB scans could not be completed because of the following reasons:
Lua script 'FName_Constructor.lua' did not return a valid address for FName::FName.

[2026-09-07 12:35:09.1755628] Lua Scan attempt 295 (Phase 2)
[2026-09-07 12:35:09.1845987] GNatives address: 0x14a39fec0 <- Lua Script
[2026-09-07 12:35:09.1910999] AOB scans could not be completed because of the following reasons:
Lua script 'FName_Constructor.lua' did not return a valid address for FName::FName.

[2026-09-07 12:35:09.1911141] Lua Scan attempt 296 (Phase 2)
[2026-09-07 12:35:09.2008587] GNatives address: 0x14a39fec0 <- Lua Script
[2026-09-07 12:35:09.2067691] AOB scans could not be completed because of the following reasons:
Lua script 'FName_Constructor.lua' did not return a valid address for FName::FName.

[2026-09-07 12:35:09.2067845] Lua Scan attempt 297 (Phase 2)
[2026-09-07 12:35:09.2167117] GNatives address: 0x14a39fec0 <- Lua Script
[2026-09-07 12:35:09.2221183] AOB scans could not be completed because of the following reasons:
Lua script 'FName_Constructor.lua' did not return a valid address for FName::FName.

[2026-09-07 12:35:09.2221547] Lua Scan attempt 298 (Phase 2)
[2026-09-07 12:35:09.2313181] GNatives address: 0x14a39fec0 <- Lua Script
[2026-09-07 12:35:09.2371556] AOB scans could not be completed because of the following reasons:
Lua script 'FName_Constructor.lua' did not return a valid address for FName::FName.

[2026-09-07 12:35:09.2371708] Lua Scan attempt 299 (Phase 2)
[2026-09-07 12:35:09.2461754] GNatives address: 0x14a39fec0 <- Lua Script
[2026-09-07 12:35:09.2520864] AOB scans could not be completed because of the following reasons:
Lua script 'FName_Constructor.lua' did not return a valid address for FName::FName.

[2026-09-07 12:35:09.2521059] Lua Scan attempt 300 (Phase 2)
[2026-09-07 12:35:09.2613525] GNatives address: 0x14a39fec0 <- Lua Script
[2026-09-07 12:35:09.2671895] AOB scans could not be completed because of the following reasons:
Lua script 'FName_Constructor.lua' did not return a valid address for FName::FName.

[2026-09-07 12:35:09.2672042] Lua Scan attempt 301 (Phase 2)
[2026-09-07 12:35:09.2768359] GNatives address: 0x14a39fec0 <- Lua Script
[2026-09-07 12:35:09.2828677] AOB scans could not be completed because of the following reasons:
Lua script 'FName_Constructor.lua' did not return a valid address for FName::FName.

[2026-09-07 12:35:09.2828809] Lua Scan attempt 302 (Phase 2)
[2026-09-07 12:35:09.2934445] GNatives address: 0x14a39fec0 <- Lua Script
[2026-09-07 12:35:09.2987031] AOB scans could not be completed because of the following reasons:
Lua script 'FName_Constructor.lua' did not return a valid address for FName::FName.

[2026-09-07 12:35:09.2987192] Lua Scan attempt 303 (Phase 2)
[2026-09-07 12:35:09.3079624] GNatives address: 0x14a39fec0 <- Lua Script
[2026-09-07 12:35:09.3140792] AOB scans could not be completed because of the following reasons:
Lua script 'FName_Constructor.lua' did not return a valid address for FName::FName.

[2026-09-07 12:35:09.3140919] Lua Scan attempt 304 (Phase 2)
[2026-09-07 12:35:09.3243970] GNatives address: 0x14a39fec0 <- Lua Script
[2026-09-07 12:35:09.3303596] AOB scans could not be completed because of the following reasons:
Lua script 'FName_Constructor.lua' did not return a valid address for FName::FName.

[2026-09-07 12:35:09.3303758] Lua Scan attempt 305 (Phase 2)
[2026-09-07 12:35:09.3409759] GNatives address: 0x14a39fec0 <- Lua Script
[2026-09-07 12:35:09.3466247] AOB scans could not be completed because of the following reasons:
Lua script 'FName_Constructor.lua' did not return a valid address for FName::FName.

[2026-09-07 12:35:09.3466387] Lua Scan attempt 306 (Phase 2)
[2026-09-07 12:35:09.3572999] GNatives address: 0x14a39fec0 <- Lua Script
[2026-09-07 12:35:09.3626460] AOB scans could not be completed because of the following reasons:
Lua script 'FName_Constructor.lua' did not return a valid address for FName::FName.

[2026-09-07 12:35:09.3626624] Lua Scan attempt 307 (Phase 2)
[2026-09-07 12:35:09.3725504] GNatives address: 0x14a39fec0 <- Lua Script
[2026-09-07 12:35:09.3774840] AOB scans could not be completed because of the following reasons:
Lua script 'FName_Constructor.lua' did not return a valid address for FName::FName.

[2026-09-07 12:35:09.3774986] Lua Scan attempt 308 (Phase 2)
[2026-09-07 12:35:09.3866156] GNatives address: 0x14a39fec0 <- Lua Script
[2026-09-07 12:35:09.3939273] AOB scans could not be completed because of the following reasons:
Lua script 'FName_Constructor.lua' did not return a valid address for FName::FName.

[2026-09-07 12:35:09.3939424] Lua Scan attempt 309 (Phase 2)
[2026-09-07 12:35:09.4044067] GNatives address: 0x14a39fec0 <- Lua Script
[2026-09-07 12:35:09.4105540] AOB scans could not be completed because of the following reasons:
Lua script 'FName_Constructor.lua' did not return a valid address for FName::FName.

[2026-09-07 12:35:09.4105663] Lua Scan attempt 310 (Phase 2)
[2026-09-07 12:35:09.4191586] GNatives address: 0x14a39fec0 <- Lua Script
[2026-09-07 12:35:09.4262197] AOB scans could not be completed because of the following reasons:
Lua script 'FName_Constructor.lua' did not return a valid address for FName::FName.

[2026-09-07 12:35:09.4262336] Lua Scan attempt 311 (Phase 2)
[2026-09-07 12:35:09.4340461] GNatives address: 0x14a39fec0 <- Lua Script
[2026-09-07 12:35:09.4397411] AOB scans could not be completed because of the following reasons:
Lua script 'FName_Constructor.lua' did not return a valid address for FName::FName.

[2026-09-07 12:35:09.4397538] Lua Scan attempt 312 (Phase 2)
[2026-09-07 12:35:09.4474226] GNatives address: 0x14a39fec0 <- Lua Script
[2026-09-07 12:35:09.4556402] AOB scans could not be completed because of the following reasons:
Lua script 'FName_Constructor.lua' did not return a valid address for FName::FName.

[2026-09-07 12:35:09.4556592] Lua Scan attempt 313 (Phase 2)
[2026-09-07 12:35:09.4646997] GNatives address: 0x14a39fec0 <- Lua Script
[2026-09-07 12:35:09.4694571] AOB scans could not be completed because of the following reasons:
Lua script 'FName_Constructor.lua' did not return a valid address for FName::FName.

[2026-09-07 12:35:09.4694739] Lua Scan attempt 314 (Phase 2)
[2026-09-07 12:35:09.4794267] GNatives address: 0x14a39fec0 <- Lua Script
[2026-09-07 12:35:09.4843165] AOB scans could not be completed because of the following reasons:
Lua script 'FName_Constructor.lua' did not return a valid address for FName::FName.

[2026-09-07 12:35:09.4843309] Lua Scan attempt 315 (Phase 2)
[2026-09-07 12:35:09.4918955] GNatives address: 0x14a39fec0 <- Lua Script
[2026-09-07 12:35:09.4979235] AOB scans could not be completed because of the following reasons:
Lua script 'FName_Constructor.lua' did not return a valid address for FName::FName.

[2026-09-07 12:35:09.4979350] Lua Scan attempt 316 (Phase 2)
[2026-09-07 12:35:09.5077779] GNatives address: 0x14a39fec0 <- Lua Script
[2026-09-07 12:35:09.5119876] AOB scans could not be completed because of the following reasons:
Lua script 'FName_Constructor.lua' did not return a valid address for FName::FName.

[2026-09-07 12:35:09.5120003] Lua Scan attempt 317 (Phase 2)
[2026-09-07 12:35:09.5209257] GNatives address: 0x14a39fec0 <- Lua Script
[2026-09-07 12:35:09.5251866] AOB scans could not be completed because of the following reasons:
Lua script 'FName_Constructor.lua' did not return a valid address for FName::FName.

[2026-09-07 12:35:09.5252016] Lua Scan attempt 318 (Phase 2)
[2026-09-07 12:35:09.5350528] GNatives address: 0x14a39fec0 <- Lua Script
[2026-09-07 12:35:09.5403910] AOB scans could not be completed because of the following reasons:
Lua script 'FName_Constructor.lua' did not return a valid address for FName::FName.

[2026-09-07 12:35:09.5404028] Lua Scan attempt 319 (Phase 2)
[2026-09-07 12:35:09.5478334] GNatives address: 0x14a39fec0 <- Lua Script
[2026-09-07 12:35:09.5527519] AOB scans could not be completed because of the following reasons:
Lua script 'FName_Constructor.lua' did not return a valid address for FName::FName.

[2026-09-07 12:35:09.5527629] Lua Scan attempt 320 (Phase 2)
[2026-09-07 12:35:09.5611899] GNatives address: 0x14a39fec0 <- Lua Script
[2026-09-07 12:35:09.5688810] AOB scans could not be completed because of the following reasons:
Lua script 'FName_Constructor.lua' did not return a valid address for FName::FName.

[2026-09-07 12:35:09.5688983] Lua Scan attempt 321 (Phase 2)
[2026-09-07 12:35:09.5769340] GNatives address: 0x14a39fec0 <- Lua Script
[2026-09-07 12:35:09.5846021] AOB scans could not be completed because of the following reasons:
Lua script 'FName_Constructor.lua' did not return a valid address for FName::FName.

[2026-09-07 12:35:09.5846131] Lua Scan attempt 322 (Phase 2)
[2026-09-07 12:35:09.5943645] GNatives address: 0x14a39fec0 <- Lua Script
[2026-09-07 12:35:09.5983703] AOB scans could not be completed because of the following reasons:
Lua script 'FName_Constructor.lua' did not return a valid address for FName::FName.

[2026-09-07 12:35:09.5983813] Lua Scan attempt 323 (Phase 2)
[2026-09-07 12:35:09.6069812] GNatives address: 0x14a39fec0 <- Lua Script
[2026-09-07 12:35:09.6121360] AOB scans could not be completed because of the following reasons:
Lua script 'FName_Constructor.lua' did not return a valid address for FName::FName.

[2026-09-07 12:35:09.6121529] Lua Scan attempt 324 (Phase 2)
[2026-09-07 12:35:09.6197771] GNatives address: 0x14a39fec0 <- Lua Script
[2026-09-07 12:35:09.6253533] AOB scans could not be completed because of the following reasons:
Lua script 'FName_Constructor.lua' did not return a valid address for FName::FName.

[2026-09-07 12:35:09.6253647] Lua Scan attempt 325 (Phase 2)
[2026-09-07 12:35:09.6327840] GNatives address: 0x14a39fec0 <- Lua Script
[2026-09-07 12:35:09.6410169] AOB scans could not be completed because of the following reasons:
Lua script 'FName_Constructor.lua' did not return a valid address for FName::FName.

[2026-09-07 12:35:09.6410368] Lua Scan attempt 326 (Phase 2)
[2026-09-07 12:35:09.6487447] GNatives address: 0x14a39fec0 <- Lua Script
[2026-09-07 12:35:09.6550281] AOB scans could not be completed because of the following reasons:
Lua script 'FName_Constructor.lua' did not return a valid address for FName::FName.

[2026-09-07 12:35:09.6550390] Lua Scan attempt 327 (Phase 2)
[2026-09-07 12:35:09.6626546] GNatives address: 0x14a39fec0 <- Lua Script
[2026-09-07 12:35:09.6706495] AOB scans could not be completed because of the following reasons:
Lua script 'FName_Constructor.lua' did not return a valid address for FName::FName.

[2026-09-07 12:35:09.6706618] Lua Scan attempt 328 (Phase 2)
[2026-09-07 12:35:09.6791623] GNatives address: 0x14a39fec0 <- Lua Script
[2026-09-07 12:35:09.6841454] AOB scans could not be completed because of the following reasons:
Lua script 'FName_Constructor.lua' did not return a valid address for FName::FName.

[2026-09-07 12:35:09.6841603] Lua Scan attempt 329 (Phase 2)
[2026-09-07 12:35:09.6918483] GNatives address: 0x14a39fec0 <- Lua Script
[2026-09-07 12:35:09.6979883] AOB scans could not be completed because of the following reasons:
Lua script 'FName_Constructor.lua' did not return a valid address for FName::FName.

[2026-09-07 12:35:09.6980002] Lua Scan attempt 330 (Phase 2)
[2026-09-07 12:35:09.7068532] GNatives address: 0x14a39fec0 <- Lua Script
[2026-09-07 12:35:09.7115004] AOB scans could not be completed because of the following reasons:
Lua script 'FName_Constructor.lua' did not return a valid address for FName::FName.

[2026-09-07 12:35:09.7115125] Lua Scan attempt 331 (Phase 2)
[2026-09-07 12:35:09.7190349] GNatives address: 0x14a39fec0 <- Lua Script
[2026-09-07 12:35:09.7269870] AOB scans could not be completed because of the following reasons:
Lua script 'FName_Constructor.lua' did not return a valid address for FName::FName.

[2026-09-07 12:35:09.7270028] Lua Scan attempt 332 (Phase 2)
[2026-09-07 12:35:09.7346742] GNatives address: 0x14a39fec0 <- Lua Script
[2026-09-07 12:35:09.7422359] AOB scans could not be completed because of the following reasons:
Lua script 'FName_Constructor.lua' did not return a valid address for FName::FName.

[2026-09-07 12:35:09.7422511] Lua Scan attempt 333 (Phase 2)
[2026-09-07 12:35:09.7499541] GNatives address: 0x14a39fec0 <- Lua Script
[2026-09-07 12:35:09.7550270] AOB scans could not be completed because of the following reasons:
Lua script 'FName_Constructor.lua' did not return a valid address for FName::FName.

[2026-09-07 12:35:09.7550378] Lua Scan attempt 334 (Phase 2)
[2026-09-07 12:35:09.7629595] GNatives address: 0x14a39fec0 <- Lua Script
[2026-09-07 12:35:09.7696734] AOB scans could not be completed because of the following reasons:
Lua script 'FName_Constructor.lua' did not return a valid address for FName::FName.

[2026-09-07 12:35:09.7696889] Lua Scan attempt 335 (Phase 2)
[2026-09-07 12:35:09.7784121] GNatives address: 0x14a39fec0 <- Lua Script
[2026-09-07 12:35:09.7823882] AOB scans could not be completed because of the following reasons:
Lua script 'FName_Constructor.lua' did not return a valid address for FName::FName.

[2026-09-07 12:35:09.7824008] Lua Scan attempt 336 (Phase 2)
[2026-09-07 12:35:09.7903357] GNatives address: 0x14a39fec0 <- Lua Script
[2026-09-07 12:35:09.7954237] AOB scans could not be completed because of the following reasons:
Lua script 'FName_Constructor.lua' did not return a valid address for FName::FName.

[2026-09-07 12:35:09.7954360] Lua Scan attempt 337 (Phase 2)
[2026-09-07 12:35:09.8032826] GNatives address: 0x14a39fec0 <- Lua Script
[2026-09-07 12:35:09.8090449] AOB scans could not be completed because of the following reasons:
Lua script 'FName_Constructor.lua' did not return a valid address for FName::FName.

[2026-09-07 12:35:09.8090587] Lua Scan attempt 338 (Phase 2)
[2026-09-07 12:35:09.8189311] GNatives address: 0x14a39fec0 <- Lua Script
[2026-09-07 12:35:09.8225265] AOB scans could not be completed because of the following reasons:
Lua script 'FName_Constructor.lua' did not return a valid address for FName::FName.

[2026-09-07 12:35:09.8225465] Lua Scan attempt 339 (Phase 2)
[2026-09-07 12:35:09.8302547] GNatives address: 0x14a39fec0 <- Lua Script
[2026-09-07 12:35:09.8358063] AOB scans could not be completed because of the following reasons:
Lua script 'FName_Constructor.lua' did not return a valid address for FName::FName.

[2026-09-07 12:35:09.8358200] Lua Scan attempt 340 (Phase 2)
[2026-09-07 12:35:09.8444218] GNatives address: 0x14a39fec0 <- Lua Script
[2026-09-07 12:35:09.8488031] AOB scans could not be completed because of the following reasons:
Lua script 'FName_Constructor.lua' did not return a valid address for FName::FName.

[2026-09-07 12:35:09.8488158] Lua Scan attempt 341 (Phase 2)
[2026-09-07 12:35:09.8572960] GNatives address: 0x14a39fec0 <- Lua Script
[2026-09-07 12:35:09.8624897] AOB scans could not be completed because of the following reasons:
Lua script 'FName_Constructor.lua' did not return a valid address for FName::FName.

[2026-09-07 12:35:09.8625051] Lua Scan attempt 342 (Phase 2)
[2026-09-07 12:35:09.8725588] GNatives address: 0x14a39fec0 <- Lua Script
[2026-09-07 12:35:09.8787659] AOB scans could not be completed because of the following reasons:
Lua script 'FName_Constructor.lua' did not return a valid address for FName::FName.

[2026-09-07 12:35:09.8787784] Lua Scan attempt 343 (Phase 2)
[2026-09-07 12:35:09.8889616] GNatives address: 0x14a39fec0 <- Lua Script
[2026-09-07 12:35:09.8940655] AOB scans could not be completed because of the following reasons:
Lua script 'FName_Constructor.lua' did not return a valid address for FName::FName.

[2026-09-07 12:35:09.8940804] Lua Scan attempt 344 (Phase 2)
[2026-09-07 12:35:09.9027492] GNatives address: 0x14a39fec0 <- Lua Script
[2026-09-07 12:35:09.9067168] AOB scans could not be completed because of the following reasons:
Lua script 'FName_Constructor.lua' did not return a valid address for FName::FName.

[2026-09-07 12:35:09.9067296] Lua Scan attempt 345 (Phase 2)
[2026-09-07 12:35:09.9164326] GNatives address: 0x14a39fec0 <- Lua Script
[2026-09-07 12:35:09.9200183] AOB scans could not be completed because of the following reasons:
Lua script 'FName_Constructor.lua' did not return a valid address for FName::FName.

[2026-09-07 12:35:09.9200307] Lua Scan attempt 346 (Phase 2)
[2026-09-07 12:35:09.9276556] GNatives address: 0x14a39fec0 <- Lua Script
[2026-09-07 12:35:09.9333407] AOB scans could not be completed because of the following reasons:
Lua script 'FName_Constructor.lua' did not return a valid address for FName::FName.

[2026-09-07 12:35:09.9333531] Lua Scan attempt 347 (Phase 2)
[2026-09-07 12:35:09.9410007] GNatives address: 0x14a39fec0 <- Lua Script
[2026-09-07 12:35:09.9470954] AOB scans could not be completed because of the following reasons:
Lua script 'FName_Constructor.lua' did not return a valid address for FName::FName.

[2026-09-07 12:35:09.9471081] Lua Scan attempt 348 (Phase 2)
[2026-09-07 12:35:09.9570609] GNatives address: 0x14a39fec0 <- Lua Script
[2026-09-07 12:35:09.9616999] AOB scans could not be completed because of the following reasons:
Lua script 'FName_Constructor.lua' did not return a valid address for FName::FName.

[2026-09-07 12:35:09.9617142] Lua Scan attempt 349 (Phase 2)
[2026-09-07 12:35:09.9693300] GNatives address: 0x14a39fec0 <- Lua Script
[2026-09-07 12:35:09.9762335] AOB scans could not be completed because of the following reasons:
Lua script 'FName_Constructor.lua' did not return a valid address for FName::FName.

[2026-09-07 12:35:09.9762481] Lua Scan attempt 350 (Phase 2)
[2026-09-07 12:35:09.9837940] GNatives address: 0x14a39fec0 <- Lua Script
[2026-09-07 12:35:09.9889521] AOB scans could not be completed because of the following reasons:
Lua script 'FName_Constructor.lua' did not return a valid address for FName::FName.

[2026-09-07 12:35:09.9889628] Lua Scan attempt 351 (Phase 2)
[2026-09-07 12:35:09.9978174] GNatives address: 0x14a39fec0 <- Lua Script
[2026-09-07 12:35:10.0017939] AOB scans could not be completed because of the following reasons:
Lua script 'FName_Constructor.lua' did not return a valid address for FName::FName.

[2026-09-07 12:35:10.0018070] Lua Scan attempt 352 (Phase 2)
[2026-09-07 12:35:10.0115099] GNatives address: 0x14a39fec0 <- Lua Script
[2026-09-07 12:35:10.0165271] AOB scans could not be completed because of the following reasons:
Lua script 'FName_Constructor.lua' did not return a valid address for FName::FName.

[2026-09-07 12:35:10.0165422] Lua Scan attempt 353 (Phase 2)
[2026-09-07 12:35:10.0248646] GNatives address: 0x14a39fec0 <- Lua Script
[2026-09-07 12:35:10.0310623] AOB scans could not be completed because of the following reasons:
Lua script 'FName_Constructor.lua' did not return a valid address for FName::FName.

[2026-09-07 12:35:10.0310752] Lua Scan attempt 354 (Phase 2)
[2026-09-07 12:35:10.0388847] GNatives address: 0x14a39fec0 <- Lua Script
[2026-09-07 12:35:10.0463941] AOB scans could not be completed because of the following reasons:
Lua script 'FName_Constructor.lua' did not return a valid address for FName::FName.

[2026-09-07 12:35:10.0464077] Lua Scan attempt 355 (Phase 2)
[2026-09-07 12:35:10.0550242] GNatives address: 0x14a39fec0 <- Lua Script
[2026-09-07 12:35:10.0615408] AOB scans could not be completed because of the following reasons:
Lua script 'FName_Constructor.lua' did not return a valid address for FName::FName.

[2026-09-07 12:35:10.0615585] Lua Scan attempt 356 (Phase 2)
[2026-09-07 12:35:10.0716008] GNatives address: 0x14a39fec0 <- Lua Script
[2026-09-07 12:35:10.0765477] AOB scans could not be completed because of the following reasons:
Lua script 'FName_Constructor.lua' did not return a valid address for FName::FName.

[2026-09-07 12:35:10.0765625] Lua Scan attempt 357 (Phase 2)
[2026-09-07 12:35:10.0845067] GNatives address: 0x14a39fec0 <- Lua Script
[2026-09-07 12:35:10.0924104] AOB scans could not be completed because of the following reasons:
Lua script 'FName_Constructor.lua' did not return a valid address for FName::FName.

[2026-09-07 12:35:10.0924259] Lua Scan attempt 358 (Phase 2)
[2026-09-07 12:35:10.1022329] GNatives address: 0x14a39fec0 <- Lua Script
[2026-09-07 12:35:10.1088615] AOB scans could not be completed because of the following reasons:
Lua script 'FName_Constructor.lua' did not return a valid address for FName::FName.

[2026-09-07 12:35:10.1088776] Lua Scan attempt 359 (Phase 2)
[2026-09-07 12:35:10.1196174] GNatives address: 0x14a39fec0 <- Lua Script
[2026-09-07 12:35:10.1259483] AOB scans could not be completed because of the following reasons:
Lua script 'FName_Constructor.lua' did not return a valid address for FName::FName.

[2026-09-07 12:35:10.1259681] Lua Scan attempt 360 (Phase 2)
[2026-09-07 12:35:10.1358499] GNatives address: 0x14a39fec0 <- Lua Script
[2026-09-07 12:35:10.1403421] AOB scans could not be completed because of the following reasons:
Lua script 'FName_Constructor.lua' did not return a valid address for FName::FName.

[2026-09-07 12:35:10.1403569] Lua Scan attempt 361 (Phase 2)
[2026-09-07 12:35:10.1480744] GNatives address: 0x14a39fec0 <- Lua Script
[2026-09-07 12:35:10.1545826] AOB scans could not be completed because of the following reasons:
Lua script 'FName_Constructor.lua' did not return a valid address for FName::FName.

[2026-09-07 12:35:10.1545974] Lua Scan attempt 362 (Phase 2)
[2026-09-07 12:35:10.1643083] GNatives address: 0x14a39fec0 <- Lua Script
[2026-09-07 12:35:10.1700309] AOB scans could not be completed because of the following reasons:
Lua script 'FName_Constructor.lua' did not return a valid address for FName::FName.

[2026-09-07 12:35:10.1700464] Lua Scan attempt 363 (Phase 2)
[2026-09-07 12:35:10.1780791] GNatives address: 0x14a39fec0 <- Lua Script
[2026-09-07 12:35:10.1834451] AOB scans could not be completed because of the following reasons:
Lua script 'FName_Constructor.lua' did not return a valid address for FName::FName.

[2026-09-07 12:35:10.1834609] Lua Scan attempt 364 (Phase 2)
[2026-09-07 12:35:10.1918054] GNatives address: 0x14a39fec0 <- Lua Script
[2026-09-07 12:35:10.1966691] AOB scans could not be completed because of the following reasons:
Lua script 'FName_Constructor.lua' did not return a valid address for FName::FName.

[2026-09-07 12:35:10.1966819] Lua Scan attempt 365 (Phase 2)
[2026-09-07 12:35:10.2041613] GNatives address: 0x14a39fec0 <- Lua Script
[2026-09-07 12:35:10.2094979] AOB scans could not be completed because of the following reasons:
Lua script 'FName_Constructor.lua' did not return a valid address for FName::FName.

[2026-09-07 12:35:10.2095080] Lua Scan attempt 366 (Phase 2)
[2026-09-07 12:35:10.2170189] GNatives address: 0x14a39fec0 <- Lua Script
[2026-09-07 12:35:10.2220215] AOB scans could not be completed because of the following reasons:
Lua script 'FName_Constructor.lua' did not return a valid address for FName::FName.

[2026-09-07 12:35:10.2220326] Lua Scan attempt 367 (Phase 2)
[2026-09-07 12:35:10.2316825] GNatives address: 0x14a39fec0 <- Lua Script
[2026-09-07 12:35:10.2378623] AOB scans could not be completed because of the following reasons:
Lua script 'FName_Constructor.lua' did not return a valid address for FName::FName.

[2026-09-07 12:35:10.2378787] Lua Scan attempt 368 (Phase 2)
[2026-09-07 12:35:10.2459272] GNatives address: 0x14a39fec0 <- Lua Script
[2026-09-07 12:35:10.2516572] AOB scans could not be completed because of the following reasons:
Lua script 'FName_Constructor.lua' did not return a valid address for FName::FName.

[2026-09-07 12:35:10.2516712] Lua Scan attempt 369 (Phase 2)
[2026-09-07 12:35:10.2595005] GNatives address: 0x14a39fec0 <- Lua Script
[2026-09-07 12:35:10.2643101] AOB scans could not be completed because of the following reasons:
Lua script 'FName_Constructor.lua' did not return a valid address for FName::FName.

[2026-09-07 12:35:10.2643243] Lua Scan attempt 370 (Phase 2)
[2026-09-07 12:35:10.2724915] GNatives address: 0x14a39fec0 <- Lua Script
[2026-09-07 12:35:10.2772077] AOB scans could not be completed because of the following reasons:
Lua script 'FName_Constructor.lua' did not return a valid address for FName::FName.

[2026-09-07 12:35:10.2772194] Lua Scan attempt 371 (Phase 2)
[2026-09-07 12:35:10.2846666] GNatives address: 0x14a39fec0 <- Lua Script
[2026-09-07 12:35:10.2907587] AOB scans could not be completed because of the following reasons:
Lua script 'FName_Constructor.lua' did not return a valid address for FName::FName.

[2026-09-07 12:35:10.2907721] Lua Scan attempt 372 (Phase 2)
[2026-09-07 12:35:10.2981669] GNatives address: 0x14a39fec0 <- Lua Script
[2026-09-07 12:35:10.3036272] AOB scans could not be completed because of the following reasons:
Lua script 'FName_Constructor.lua' did not return a valid address for FName::FName.

[2026-09-07 12:35:10.3036393] Lua Scan attempt 373 (Phase 2)
[2026-09-07 12:35:10.3111957] GNatives address: 0x14a39fec0 <- Lua Script
[2026-09-07 12:35:10.3164812] AOB scans could not be completed because of the following reasons:
Lua script 'FName_Constructor.lua' did not return a valid address for FName::FName.

[2026-09-07 12:35:10.3164935] Lua Scan attempt 374 (Phase 2)
[2026-09-07 12:35:10.3243734] GNatives address: 0x14a39fec0 <- Lua Script
[2026-09-07 12:35:10.3321108] AOB scans could not be completed because of the following reasons:
Lua script 'FName_Constructor.lua' did not return a valid address for FName::FName.

[2026-09-07 12:35:10.3321246] Lua Scan attempt 375 (Phase 2)
[2026-09-07 12:35:10.3416966] GNatives address: 0x14a39fec0 <- Lua Script
[2026-09-07 12:35:10.3460176] AOB scans could not be completed because of the following reasons:
Lua script 'FName_Constructor.lua' did not return a valid address for FName::FName.

[2026-09-07 12:35:10.3460300] Lua Scan attempt 376 (Phase 2)
[2026-09-07 12:35:10.3533662] GNatives address: 0x14a39fec0 <- Lua Script
[2026-09-07 12:35:10.3587145] AOB scans could not be completed because of the following reasons:
Lua script 'FName_Constructor.lua' did not return a valid address for FName::FName.

[2026-09-07 12:35:10.3587256] Lua Scan attempt 377 (Phase 2)
[2026-09-07 12:35:10.3659750] GNatives address: 0x14a39fec0 <- Lua Script
[2026-09-07 12:35:10.3716337] AOB scans could not be completed because of the following reasons:
Lua script 'FName_Constructor.lua' did not return a valid address for FName::FName.

[2026-09-07 12:35:10.3716455] Lua Scan attempt 378 (Phase 2)
[2026-09-07 12:35:10.3794187] GNatives address: 0x14a39fec0 <- Lua Script
[2026-09-07 12:35:10.3872623] AOB scans could not be completed because of the following reasons:
Lua script 'FName_Constructor.lua' did not return a valid address for FName::FName.

[2026-09-07 12:35:10.3872762] Lua Scan attempt 379 (Phase 2)
[2026-09-07 12:35:10.3945844] GNatives address: 0x14a39fec0 <- Lua Script
[2026-09-07 12:35:10.4001666] AOB scans could not be completed because of the following reasons:
Lua script 'FName_Constructor.lua' did not return a valid address for FName::FName.

[2026-09-07 12:35:10.4001787] Lua Scan attempt 380 (Phase 2)
[2026-09-07 12:35:10.4095327] GNatives address: 0x14a39fec0 <- Lua Script
[2026-09-07 12:35:10.4130647] AOB scans could not be completed because of the following reasons:
Lua script 'FName_Constructor.lua' did not return a valid address for FName::FName.

[2026-09-07 12:35:10.4130753] Lua Scan attempt 381 (Phase 2)
[2026-09-07 12:35:10.4214036] GNatives address: 0x14a39fec0 <- Lua Script
[2026-09-07 12:35:10.4252083] AOB scans could not be completed because of the following reasons:
Lua script 'FName_Constructor.lua' did not return a valid address for FName::FName.

[2026-09-07 12:35:10.4252193] Lua Scan attempt 382 (Phase 2)
[2026-09-07 12:35:10.4326467] GNatives address: 0x14a39fec0 <- Lua Script
[2026-09-07 12:35:10.4383872] AOB scans could not be completed because of the following reasons:
Lua script 'FName_Constructor.lua' did not return a valid address for FName::FName.

[2026-09-07 12:35:10.4383995] Lua Scan attempt 383 (Phase 2)
[2026-09-07 12:35:10.4469196] GNatives address: 0x14a39fec0 <- Lua Script
[2026-09-07 12:35:10.4516383] AOB scans could not be completed because of the following reasons:
Lua script 'FName_Constructor.lua' did not return a valid address for FName::FName.

[2026-09-07 12:35:10.4516503] Lua Scan attempt 384 (Phase 2)
[2026-09-07 12:35:10.4597715] GNatives address: 0x14a39fec0 <- Lua Script
[2026-09-07 12:35:10.4648616] AOB scans could not be completed because of the following reasons:
Lua script 'FName_Constructor.lua' did not return a valid address for FName::FName.

[2026-09-07 12:35:10.4648760] Lua Scan attempt 385 (Phase 2)
[2026-09-07 12:35:10.4731644] GNatives address: 0x14a39fec0 <- Lua Script
[2026-09-07 12:35:10.4808036] AOB scans could not be completed because of the following reasons:
Lua script 'FName_Constructor.lua' did not return a valid address for FName::FName.

[2026-09-07 12:35:10.4808173] Lua Scan attempt 386 (Phase 2)
[2026-09-07 12:35:10.4886260] GNatives address: 0x14a39fec0 <- Lua Script
[2026-09-07 12:35:10.4943550] AOB scans could not be completed because of the following reasons:
Lua script 'FName_Constructor.lua' did not return a valid address for FName::FName.

[2026-09-07 12:35:10.4943706] Lua Scan attempt 387 (Phase 2)
[2026-09-07 12:35:10.5028841] GNatives address: 0x14a39fec0 <- Lua Script
[2026-09-07 12:35:10.5082147] AOB scans could not be completed because of the following reasons:
Lua script 'FName_Constructor.lua' did not return a valid address for FName::FName.

[2026-09-07 12:35:10.5082295] Lua Scan attempt 388 (Phase 2)
[2026-09-07 12:35:10.5163229] GNatives address: 0x14a39fec0 <- Lua Script
[2026-09-07 12:35:10.5245380] AOB scans could not be completed because of the following reasons:
Lua script 'FName_Constructor.lua' did not return a valid address for FName::FName.

[2026-09-07 12:35:10.5245543] Lua Scan attempt 389 (Phase 2)
[2026-09-07 12:35:10.5340580] GNatives address: 0x14a39fec0 <- Lua Script
[2026-09-07 12:35:10.5390250] AOB scans could not be completed because of the following reasons:
Lua script 'FName_Constructor.lua' did not return a valid address for FName::FName.

[2026-09-07 12:35:10.5390385] Lua Scan attempt 390 (Phase 2)
[2026-09-07 12:35:10.5464941] GNatives address: 0x14a39fec0 <- Lua Script
[2026-09-07 12:35:10.5548843] AOB scans could not be completed because of the following reasons:
Lua script 'FName_Constructor.lua' did not return a valid address for FName::FName.

[2026-09-07 12:35:10.5548980] Lua Scan attempt 391 (Phase 2)
[2026-09-07 12:35:10.5635259] GNatives address: 0x14a39fec0 <- Lua Script
[2026-09-07 12:35:10.5674205] AOB scans could not be completed because of the following reasons:
Lua script 'FName_Constructor.lua' did not return a valid address for FName::FName.

[2026-09-07 12:35:10.5674355] Lua Scan attempt 392 (Phase 2)
[2026-09-07 12:35:10.5748412] GNatives address: 0x14a39fec0 <- Lua Script
[2026-09-07 12:35:10.5805847] AOB scans could not be completed because of the following reasons:
Lua script 'FName_Constructor.lua' did not return a valid address for FName::FName.

[2026-09-07 12:35:10.5806044] Lua Scan attempt 393 (Phase 2)
[2026-09-07 12:35:10.5901540] GNatives address: 0x14a39fec0 <- Lua Script
[2026-09-07 12:35:10.5940438] AOB scans could not be completed because of the following reasons:
Lua script 'FName_Constructor.lua' did not return a valid address for FName::FName.

[2026-09-07 12:35:10.5940558] Lua Scan attempt 394 (Phase 2)
[2026-09-07 12:35:10.6013373] GNatives address: 0x14a39fec0 <- Lua Script
[2026-09-07 12:35:10.6071222] AOB scans could not be completed because of the following reasons:
Lua script 'FName_Constructor.lua' did not return a valid address for FName::FName.

[2026-09-07 12:35:10.6071367] Lua Scan attempt 395 (Phase 2)
[2026-09-07 12:35:10.6144439] GNatives address: 0x14a39fec0 <- Lua Script
[2026-09-07 12:35:10.6195160] AOB scans could not be completed because of the following reasons:
Lua script 'FName_Constructor.lua' did not return a valid address for FName::FName.

[2026-09-07 12:35:10.6195280] Lua Scan attempt 396 (Phase 2)
[2026-09-07 12:35:10.6269045] GNatives address: 0x14a39fec0 <- Lua Script
[2026-09-07 12:35:10.6330010] AOB scans could not be completed because of the following reasons:
Lua script 'FName_Constructor.lua' did not return a valid address for FName::FName.

[2026-09-07 12:35:10.6330159] Lua Scan attempt 397 (Phase 2)
[2026-09-07 12:35:10.6408242] GNatives address: 0x14a39fec0 <- Lua Script
[2026-09-07 12:35:10.6453460] AOB scans could not be completed because of the following reasons:
Lua script 'FName_Constructor.lua' did not return a valid address for FName::FName.

[2026-09-07 12:35:10.6453578] Lua Scan attempt 398 (Phase 2)
[2026-09-07 12:35:10.6526807] GNatives address: 0x14a39fec0 <- Lua Script
[2026-09-07 12:35:10.6585080] AOB scans could not be completed because of the following reasons:
Lua script 'FName_Constructor.lua' did not return a valid address for FName::FName.

[2026-09-07 12:35:10.6585200] Lua Scan attempt 399 (Phase 2)
[2026-09-07 12:35:10.6658656] GNatives address: 0x14a39fec0 <- Lua Script
[2026-09-07 12:35:10.6709189] AOB scans could not be completed because of the following reasons:
Lua script 'FName_Constructor.lua' did not return a valid address for FName::FName.

[2026-09-07 12:35:10.6709306] Lua Scan attempt 400 (Phase 2)
[2026-09-07 12:35:10.6799086] GNatives address: 0x14a39fec0 <- Lua Script
[2026-09-07 12:35:10.6839621] AOB scans could not be completed because of the following reasons:
Lua script 'FName_Constructor.lua' did not return a valid address for FName::FName.

[2026-09-07 12:35:10.6839724] Lua Scan attempt 401 (Phase 2)
[2026-09-07 12:35:10.6916694] GNatives address: 0x14a39fec0 <- Lua Script
[2026-09-07 12:35:10.6966297] AOB scans could not be completed because of the following reasons:
Lua script 'FName_Constructor.lua' did not return a valid address for FName::FName.

[2026-09-07 12:35:10.6966421] Lua Scan attempt 402 (Phase 2)
[2026-09-07 12:35:10.7047802] GNatives address: 0x14a39fec0 <- Lua Script
[2026-09-07 12:35:10.7094936] AOB scans could not be completed because of the following reasons:
Lua script 'FName_Constructor.lua' did not return a valid address for FName::FName.

[2026-09-07 12:35:10.7095054] Lua Scan attempt 403 (Phase 2)
[2026-09-07 12:35:10.7168218] GNatives address: 0x14a39fec0 <- Lua Script
[2026-09-07 12:35:10.7226197] AOB scans could not be completed because of the following reasons:
Lua script 'FName_Constructor.lua' did not return a valid address for FName::FName.

[2026-09-07 12:35:10.7226332] Lua Scan attempt 404 (Phase 2)
[2026-09-07 12:35:10.7300853] GNatives address: 0x14a39fec0 <- Lua Script
[2026-09-07 12:35:10.7356434] AOB scans could not be completed because of the following reasons:
Lua script 'FName_Constructor.lua' did not return a valid address for FName::FName.

[2026-09-07 12:35:10.7356549] Lua Scan attempt 405 (Phase 2)
[2026-09-07 12:35:10.7429533] GNatives address: 0x14a39fec0 <- Lua Script
[2026-09-07 12:35:10.7492200] AOB scans could not be completed because of the following reasons:
Lua script 'FName_Constructor.lua' did not return a valid address for FName::FName.

[2026-09-07 12:35:10.7492335] Lua Scan attempt 406 (Phase 2)
[2026-09-07 12:35:10.7576493] GNatives address: 0x14a39fec0 <- Lua Script
[2026-09-07 12:35:10.7630004] AOB scans could not be completed because of the following reasons:
Lua script 'FName_Constructor.lua' did not return a valid address for FName::FName.

[2026-09-07 12:35:10.7630130] Lua Scan attempt 407 (Phase 2)
[2026-09-07 12:35:10.7725863] GNatives address: 0x14a39fec0 <- Lua Script
[2026-09-07 12:35:10.7780622] AOB scans could not be completed because of the following reasons:
Lua script 'FName_Constructor.lua' did not return a valid address for FName::FName.

[2026-09-07 12:35:10.7780768] Lua Scan attempt 408 (Phase 2)
[2026-09-07 12:35:10.7862051] GNatives address: 0x14a39fec0 <- Lua Script
[2026-09-07 12:35:10.7908738] AOB scans could not be completed because of the following reasons:
Lua script 'FName_Constructor.lua' did not return a valid address for FName::FName.

[2026-09-07 12:35:10.7908848] Lua Scan attempt 409 (Phase 2)
[2026-09-07 12:35:10.7981749] GNatives address: 0x14a39fec0 <- Lua Script
[2026-09-07 12:35:10.8036951] AOB scans could not be completed because of the following reasons:
Lua script 'FName_Constructor.lua' did not return a valid address for FName::FName.

[2026-09-07 12:35:10.8037074] Lua Scan attempt 410 (Phase 2)
[2026-09-07 12:35:10.8110976] GNatives address: 0x14a39fec0 <- Lua Script
[2026-09-07 12:35:10.8163847] AOB scans could not be completed because of the following reasons:
Lua script 'FName_Constructor.lua' did not return a valid address for FName::FName.

[2026-09-07 12:35:10.8163968] Lua Scan attempt 411 (Phase 2)
[2026-09-07 12:35:10.8238844] GNatives address: 0x14a39fec0 <- Lua Script
[2026-09-07 12:35:10.8290498] AOB scans could not be completed because of the following reasons:
Lua script 'FName_Constructor.lua' did not return a valid address for FName::FName.

[2026-09-07 12:35:10.8290615] Lua Scan attempt 412 (Phase 2)
[2026-09-07 12:35:10.8386107] GNatives address: 0x14a39fec0 <- Lua Script
[2026-09-07 12:35:10.8434522] AOB scans could not be completed because of the following reasons:
Lua script 'FName_Constructor.lua' did not return a valid address for FName::FName.

[2026-09-07 12:35:10.8434649] Lua Scan attempt 413 (Phase 2)
[2026-09-07 12:35:10.8512442] GNatives address: 0x14a39fec0 <- Lua Script
[2026-09-07 12:35:10.8563328] AOB scans could not be completed because of the following reasons:
Lua script 'FName_Constructor.lua' did not return a valid address for FName::FName.

[2026-09-07 12:35:10.8563445] Lua Scan attempt 414 (Phase 2)
[2026-09-07 12:35:10.8660365] GNatives address: 0x14a39fec0 <- Lua Script
[2026-09-07 12:35:10.8712423] AOB scans could not be completed because of the following reasons:
Lua script 'FName_Constructor.lua' did not return a valid address for FName::FName.

[2026-09-07 12:35:10.8712570] Lua Scan attempt 415 (Phase 2)
[2026-09-07 12:35:10.8796917] GNatives address: 0x14a39fec0 <- Lua Script
[2026-09-07 12:35:10.8865085] AOB scans could not be completed because of the following reasons:
Lua script 'FName_Constructor.lua' did not return a valid address for FName::FName.

[2026-09-07 12:35:10.8865221] Lua Scan attempt 416 (Phase 2)
[2026-09-07 12:35:10.8938830] GNatives address: 0x14a39fec0 <- Lua Script
[2026-09-07 12:35:10.8997139] AOB scans could not be completed because of the following reasons:
Lua script 'FName_Constructor.lua' did not return a valid address for FName::FName.

[2026-09-07 12:35:10.8997259] Lua Scan attempt 417 (Phase 2)
[2026-09-07 12:35:10.9071383] GNatives address: 0x14a39fec0 <- Lua Script
[2026-09-07 12:35:10.9141748] AOB scans could not be completed because of the following reasons:
Lua script 'FName_Constructor.lua' did not return a valid address for FName::FName.

[2026-09-07 12:35:10.9141895] Lua Scan attempt 418 (Phase 2)
[2026-09-07 12:35:10.9234912] GNatives address: 0x14a39fec0 <- Lua Script
[2026-09-07 12:35:10.9291664] AOB scans could not be completed because of the following reasons:
Lua script 'FName_Constructor.lua' did not return a valid address for FName::FName.

[2026-09-07 12:35:10.9291809] Lua Scan attempt 419 (Phase 2)
[2026-09-07 12:35:10.9385378] GNatives address: 0x14a39fec0 <- Lua Script
[2026-09-07 12:35:10.9444289] AOB scans could not be completed because of the following reasons:
Lua script 'FName_Constructor.lua' did not return a valid address for FName::FName.

[2026-09-07 12:35:10.9444420] Lua Scan attempt 420 (Phase 2)
[2026-09-07 12:35:10.9534707] GNatives address: 0x14a39fec0 <- Lua Script
[2026-09-07 12:35:10.9600660] AOB scans could not be completed because of the following reasons:
Lua script 'FName_Constructor.lua' did not return a valid address for FName::FName.

[2026-09-07 12:35:10.9600788] Lua Scan attempt 421 (Phase 2)
[2026-09-07 12:35:10.9686870] GNatives address: 0x14a39fec0 <- Lua Script
[2026-09-07 12:35:10.9742410] AOB scans could not be completed because of the following reasons:
Lua script 'FName_Constructor.lua' did not return a valid address for FName::FName.

[2026-09-07 12:35:10.9742565] Lua Scan attempt 422 (Phase 2)
[2026-09-07 12:35:10.9815289] GNatives address: 0x14a39fec0 <- Lua Script
[2026-09-07 12:35:10.9901539] AOB scans could not be completed because of the following reasons:
Lua script 'FName_Constructor.lua' did not return a valid address for FName::FName.

[2026-09-07 12:35:10.9901687] Lua Scan attempt 423 (Phase 2)
[2026-09-07 12:35:10.9978181] GNatives address: 0x14a39fec0 <- Lua Script
[2026-09-07 12:35:11.0029196] AOB scans could not be completed because of the following reasons:
Lua script 'FName_Constructor.lua' did not return a valid address for FName::FName.

[2026-09-07 12:35:11.0029349] Lua Scan attempt 424 (Phase 2)
[2026-09-07 12:35:11.0074504] Verifying FName constructor...
[2026-09-07 12:35:11.0082706] [UE4SS.FNameConstructor.FNameConstructorVerificationHook] Added posthook with Id '0X8000200000000002'!
[2026-09-07 12:35:11.0082863] FName constructor verified at 0x0000000141453FF0
[2026-09-07 12:35:11.0082992] [UE4SS.EngineTick.FNameConstructorUnhooker] Added prehook with Id '0X6020000000000002'!
[2026-09-07 12:35:11.0083078] FName::FName address: 0x141453ff0 <- Lua Script
[2026-09-07 12:35:11.0119261] GNatives address: 0x14a39fec0 <- Lua Script
[2026-09-07 12:35:11.0175306] Using engine version: 5.8
[2026-09-07 12:35:11.0175416] Waiting for object construction...
[2026-09-07 12:35:11.0175518] Locating KismetStringLibrary...
[2026-09-07 12:35:11.0175852] Locating KismetStringLibrary:Conv_NameToString...
[2026-09-07 12:35:11.0176000] Locating KismetStringLibrary CDO...
[2026-09-07 12:35:11.0176093] Already constructed: ["/Script/CoreUObject", "Class"]
[2026-09-07 12:35:11.0176142] Already constructed: ["/Script/CoreUObject"]
[2026-09-07 12:35:11.0176201] Already constructed: ["/Script/CoreUObject", "Struct"]
[2026-09-07 12:35:11.0176377] Already constructed: ["/Script/Engine", "Pawn"]
[2026-09-07 12:35:11.0176550] Already constructed: ["/Script/Engine", "Character"]
[2026-09-07 12:35:11.0176601] Already constructed: ["/Script/Engine", "Actor"]
[2026-09-07 12:35:11.0181323] Already constructed: ["/Script/Engine", "Default__DefaultPawn"]
[2026-09-07 12:35:11.0185472] Already constructed: ["/Script/Engine", "Default__MaterialExpression"]
[2026-09-07 12:35:11.0185640] Already constructed: ["/Script/Engine", "ActorComponent"]
[2026-09-07 12:35:11.0185819] Already constructed: ["/Script/Engine", "MovementComponent"]
[2026-09-07 12:35:11.0185873] Already constructed: ["/Script/Engine", "HUD"]
[2026-09-07 12:35:11.0186047] Already constructed: ["/Script/Engine", "PlayerController"]
[2026-09-07 12:35:11.0186265] Already constructed: ["/Script/Engine", "PlayerCameraManager"]
[2026-09-07 12:35:11.0187099] Already constructed: ["/Script/CoreUObject", "Vector"]
[2026-09-07 12:35:11.0188030] Already constructed: ["/Script/Engine", "HitResult"]
[2026-09-07 12:35:11.0188848] Already constructed: ["/Script/CoreUObject", "OrientedBox"]
[2026-09-07 12:35:11.0189656] Already constructed: ["/Script/CoreUObject", "EInterpCurveMode"]
[2026-09-07 12:35:11.0190887] Already constructed: ["/Script/Engine", "ENetRole"]
[2026-09-07 12:35:11.0192608] Already constructed: ["/Script/MovieScene", "MovieSceneEditorData"]
[2026-09-07 12:35:11.0192884] Already constructed: ["/Script/UMG", "Widget"]
[2026-09-07 12:35:11.0193146] Already constructed: ["/Script/UMG", "ComboBoxString"]
[2026-09-07 12:35:11.0193199] Already constructed: ["/Script/CoreUObject", "Interface"]
[2026-09-07 12:35:11.0608448] GameEngine::LoadMap address 0x14327a860
[2026-09-07 12:35:11.0608623] GameEngine::Tick address (vtable: 0xc2b00000; scan: 0x142a755d0)
[2026-09-07 12:35:11.0608674] WARNING: VTable and scan addresses differ for UGameEngine::Tick. Potentially customized vtables.
[2026-09-07 12:35:11.0609244] GameEngine: 0x7ffc3e038000 GameEngine /Engine/Transient.GameEngine_2147482589
[2026-09-07 12:35:11.0609303] VTable entries:
[2026-09-07 12:35:11.0609374] -8: 0x143285e20
[2026-09-07 12:35:11.0609418] -7: 0x143285e30
[2026-09-07 12:35:11.0609473] -6: 0x14259d170
[2026-09-07 12:35:11.0609515] -5: 0x143271cf0
[2026-09-07 12:35:11.0609560] -4: 0x142a67f80
[2026-09-07 12:35:11.0609602] -3: 0x142a74550
[2026-09-07 12:35:11.0609645] -2: 0x142a6d7c0
[2026-09-07 12:35:11.0609687] -1: 0x14327e010
[2026-09-07 12:35:11.0609734] S0: 0xc2b00000
[2026-09-07 12:35:11.0609784] +1: 0x143285190
[2026-09-07 12:35:11.0609831] +2: 0x14326e1c0
[2026-09-07 12:35:11.0609875] +3: 0x142a633a0
[2026-09-07 12:35:11.0609925] +4: 0x143272880
[2026-09-07 12:35:11.0609965] +5: 0x143281ed0
[2026-09-07 12:35:11.0610008] +6: 0x143285110
[2026-09-07 12:35:11.0610050] +7: 0x143279c70
[2026-09-07 12:35:11.0610100] +8: 0x141285170
[2026-09-07 12:35:11.0610137] Using scan address for GameEngine::Tick
[2026-09-07 12:35:11.0610216] [UE4SS.EngineTick.GameThreadInitializer] Added prehook with Id '0X6020000000000003'!
[2026-09-07 12:35:11.0610277] GameModeBase::InitGameState address 0x142aac0d0
[2026-09-07 12:35:11.0610330] AActor::BeginPlay address 0x1425f89d0
[2026-09-07 12:35:11.0610386] AActor::EndPlay address 0x1425fed90
[2026-09-07 12:35:11.0610430] AActor::Tick address 0x142612170
[2026-09-07 12:35:11.0610478] GameViewportClient::Tick address 0x142abff90
[2026-09-07 12:35:11.0610546] ProcessEvent address 0x141624a70
[2026-09-07 12:35:11.0610599] ProcessConsoleExec address 0x1414e7ec0
[2026-09-07 12:35:11.0610656] UStruct::Link address 0x141543210
[2026-09-07 12:35:11.0610724] Constructed 0 of 0 objects
[2026-09-07 12:35:11.3782995] FText size detected as 0x10 bytes.
[2026-09-07 12:35:11.3818941] FSoftObjectPath layout: size 0x20, SubPathString at 0x10, FTopLevelAssetPath shape, from reflection
[2026-09-07 12:35:11.3821448] ProcessInternal address: 0x141624f00
[2026-09-07 12:35:11.3821636] ProcessLocalScriptFunction address: 0x141540d00
[2026-09-07 12:35:11.3821681] UnrealConfig.FExecVTableOffsetInLocalPlayer: 28
[2026-09-07 12:35:11.3821724] Post-initialization: GMalloc: 0x14a5d9678 -> 0xdc9100
[2026-09-07 12:35:11.3821766] Starting callback garbage collector![2026-09-07 12:35:11.3826309] [UE4SS.StaticConstructObject.ObjectSearcherPoolHook] Added posthook with Id '0X9000000000000001'!
[2026-09-07 12:35:11.3826403] FAssetData Size: 0x50
[2026-09-07 12:35:11.3826448] FVector Size: 0x18
[2026-09-07 12:35:11.3826486] FQuat Size: 0x20
[2026-09-07 12:35:11.3826565] FFieldVariant Size: 0x8
[2026-09-07 12:35:11.3826603] FText Size: 0x10
[2026-09-07 12:35:11.3826641] FName Size: 0x8
[2026-09-07 12:35:11.3826679] FName Alignment: 0x4
[2026-09-07 12:35:11.3826724] 
##### MEMBER OFFSETS START (Coalesced) #####

[2026-09-07 12:35:11.3826766] UObjectBase::NamePrivate = 0x18
[2026-09-07 12:35:11.3826805] UObjectBase::ObjectFlags = 0x8
[2026-09-07 12:35:11.3826843] UObjectBase::ClassPrivate = 0x10
[2026-09-07 12:35:11.3826882] UObjectBase::InternalIndex_Private = 0xC
[2026-09-07 12:35:11.3826921] UObjectBase::OuterPrivate = 0x20
[2026-09-07 12:35:11.3826959] UObjectBase::UEP_TotalSize = 0x28
[2026-09-07 12:35:11.3827000] UScriptStruct::ICppStructOps::FakeVPtr = 0x0
[2026-09-07 12:35:11.3827038] UScriptStruct::ICppStructOps::Size = 0x8
[2026-09-07 12:35:11.3827077] UScriptStruct::ICppStructOps::Alignment = 0xC
[2026-09-07 12:35:11.3827116] UScriptStruct::ICppStructOps::UEP_TotalSize = 0x10
[2026-09-07 12:35:11.3827157] UStruct::SuperStruct = 0x40
[2026-09-07 12:35:11.3827196] UStruct::ChildProperties = 0x50
[2026-09-07 12:35:11.3827234] UStruct::Children = 0x48
[2026-09-07 12:35:11.3827271] UStruct::PropertiesSize = 0x58
[2026-09-07 12:35:11.3827310] UStruct::UnresolvedScriptProperties = 0xA0
[2026-09-07 12:35:11.3827348] UStruct::MinAlignment = 0x5C
[2026-09-07 12:35:11.3827386] UStruct::PropertyLink = 0x70
[2026-09-07 12:35:11.3827423] UStruct::Script = 0x60
[2026-09-07 12:35:11.3827461] UStruct::StructStateFlags = 0x5E
[2026-09-07 12:35:11.3827499] UStruct::RefLink = 0x78
[2026-09-07 12:35:11.3827537] UStruct::DestructorLink = 0x80
[2026-09-07 12:35:11.3827575] UStruct::PostConstructLink = 0x88
[2026-09-07 12:35:11.3827613] UStruct::ScriptAndPropertyObjectReferences = 0x90
[2026-09-07 12:35:11.3827651] UStruct::UEP_TotalSize = 0xB0
[2026-09-07 12:35:11.3827691] UScriptStruct::UEP_TotalSize = 0xC0
[2026-09-07 12:35:11.3827729] UScriptStruct::CppStructOps = 0xB8
[2026-09-07 12:35:11.3827766] UScriptStruct::StructFlags = 0xB0
[2026-09-07 12:35:11.3827805] UScriptStruct::bPrepareCppStructOpsCompleted = 0xB4
[2026-09-07 12:35:11.3827845] UClass::ClassConstructor = 0xB0
[2026-09-07 12:35:11.3827884] UClass::AllFunctionsCacheLock = 0x188
[2026-09-07 12:35:11.3827923] UClass::ClassVTableHelperCtorCaller = 0xB8
[2026-09-07 12:35:11.3827962] UClass::ClassUnique = 0xC8
[2026-09-07 12:35:11.3828001] UClass::FirstOwnedClassRep = 0xCC
[2026-09-07 12:35:11.3828038] UClass::bNeedsDynamicSubobjectInstancing = 0xD2
[2026-09-07 12:35:11.3828077] UClass::ClassWithin = 0xE8
[2026-09-07 12:35:11.3828115] UClass::bLayoutChanging = 0xD1
[2026-09-07 12:35:11.3828152] UClass::ClassConfigName = 0xF0
[2026-09-07 12:35:11.3828189] UClass::bCooked = 0xD0
[2026-09-07 12:35:11.3828227] UClass::ClassDefaultObject = 0x118
[2026-09-07 12:35:11.3828266] UClass::bNeedsPostLoadSubobjectInstancing = 0xD3
[2026-09-07 12:35:11.3828305] UClass::PropertiesStartOffset = 0xD4
[2026-09-07 12:35:11.3828343] UClass::ClassFlags = 0xD8
[2026-09-07 12:35:11.3828380] UClass::ClassCastFlags = 0xE0
[2026-09-07 12:35:11.3828418] UClass::NetFields = 0x108
[2026-09-07 12:35:11.3828456] UClass::SparseClassData = 0x120
[2026-09-07 12:35:11.3828494] UClass::SparseClassDataStruct = 0x128
[2026-09-07 12:35:11.3828531] UClass::FuncMap = 0x130
[2026-09-07 12:35:11.3828570] UClass::FuncMapLock = 0x180
[2026-09-07 12:35:11.3828607] UClass::AllFunctionsCache = 0x190
[2026-09-07 12:35:11.3828645] UClass::Interfaces = 0x1E0
[2026-09-07 12:35:11.3828683] UClass::ReferenceSchema = 0x1F0
[2026-09-07 12:35:11.3828721] UClass::NativeFunctionLookupTable = 0x1F8
[2026-09-07 12:35:11.3828759] UClass::UEP_TotalSize = 0x210
[2026-09-07 12:35:11.3828798] UEnum::CppType = 0x30
[2026-09-07 12:35:11.3828835] UEnum::EnumFlags_Internal = 0x5A
[2026-09-07 12:35:11.3828873] UEnum::Names = 0x40
[2026-09-07 12:35:11.3828911] UEnum::UnderlyingType = 0x59
[2026-09-07 12:35:11.3828949] UEnum::CppForm = 0x58
[2026-09-07 12:35:11.3828986] UEnum::EnumPackage = 0x5C
[2026-09-07 12:35:11.3829024] UEnum::EnumDisplayNameFn = 0x68
[2026-09-07 12:35:11.3829086] UEnum::UEP_TotalSize = 0x70
[2026-09-07 12:35:11.3829126] UFunction::FunctionFlags = 0xB0
[2026-09-07 12:35:11.3829165] UFunction::NumParms = 0xB4
[2026-09-07 12:35:11.3829202] UFunction::ParmsSize = 0xB6
[2026-09-07 12:35:11.3829240] UFunction::FirstPropertyToInit = 0xC0
[2026-09-07 12:35:11.3829278] UFunction::RPCId = 0xBA
[2026-09-07 12:35:11.3829316] UFunction::ReturnValueOffset = 0xB8
[2026-09-07 12:35:11.3829354] UFunction::RPCResponseId = 0xBC
[2026-09-07 12:35:11.3829392] UFunction::EventGraphFunction = 0xC8
[2026-09-07 12:35:11.3829430] UFunction::EventGraphCallOffset = 0xD0
[2026-09-07 12:35:11.3829467] UFunction::Func = 0xD8
[2026-09-07 12:35:11.3829505] UFunction::UEP_TotalSize = 0xE0
[2026-09-07 12:35:11.3829548] UField::Next = 0x28
[2026-09-07 12:35:11.3829586] UField::UEP_TotalSize = 0x30
[2026-09-07 12:35:11.3829624] FField::ClassPrivate = 0x8
[2026-09-07 12:35:11.3829662] FField::Owner = 0x10
[2026-09-07 12:35:11.3829700] FField::Next = 0x18
[2026-09-07 12:35:11.3829738] FField::FlagsPrivate = 0x28
[2026-09-07 12:35:11.3829776] FField::NamePrivate = 0x20
[2026-09-07 12:35:11.3829814] FField::UEP_TotalSize = 0x30
[2026-09-07 12:35:11.3829853] FProperty::RepIndex = 0x40
[2026-09-07 12:35:11.3829891] FProperty::ArrayDim = 0x30
[2026-09-07 12:35:11.3829928] FProperty::ElementSize = 0x34
[2026-09-07 12:35:11.3829966] FProperty::PropertyLinkNext = 0x48
[2026-09-07 12:35:11.3830004] FProperty::PropertyFlags = 0x38
[2026-09-07 12:35:11.3830041] FProperty::Offset_Internal = 0x44
[2026-09-07 12:35:11.3830079] FProperty::NextRef = 0x50
[2026-09-07 12:35:11.3830117] FProperty::DestructorLinkNext = 0x58
[2026-09-07 12:35:11.3830154] FProperty::PostConstructLinkNext = 0x60
[2026-09-07 12:35:11.3830192] FProperty::RepNotifyFunc = 0x68
[2026-09-07 12:35:11.3830230] FProperty::UEP_TotalSize = 0x70
[2026-09-07 12:35:11.3830268] FNumericProperty::RepIndex = 0x40
[2026-09-07 12:35:11.3830308] FNumericProperty::ArrayDim = 0x30
[2026-09-07 12:35:11.3830361] FNumericProperty::ElementSize = 0x34
[2026-09-07 12:35:11.3830427] FNumericProperty::PropertyLinkNext = 0x48
[2026-09-07 12:35:11.3830489] FNumericProperty::PropertyFlags = 0x38
[2026-09-07 12:35:11.3830541] FNumericProperty::Offset_Internal = 0x44
[2026-09-07 12:35:11.3830580] FNumericProperty::NextRef = 0x50
[2026-09-07 12:35:11.3830618] FNumericProperty::DestructorLinkNext = 0x58
[2026-09-07 12:35:11.3830656] FNumericProperty::PostConstructLinkNext = 0x60
[2026-09-07 12:35:11.3830694] FNumericProperty::RepNotifyFunc = 0x68
[2026-09-07 12:35:11.3830732] FNumericProperty::UEP_TotalSize = 0x70
[2026-09-07 12:35:11.3830773] FObjectPropertyBase::PropertyClass = 0x70
[2026-09-07 12:35:11.3830812] FObjectPropertyBase::UEP_TotalSize = 0x78
[2026-09-07 12:35:11.3830851] FStructProperty::Struct = 0x70
[2026-09-07 12:35:11.3830890] FStructProperty::UEP_TotalSize = 0x78
[2026-09-07 12:35:11.3830929] FArrayProperty::Inner = 0x78
[2026-09-07 12:35:11.3830967] FArrayProperty::ArrayFlags = 0x70
[2026-09-07 12:35:11.3831005] FArrayProperty::UEP_TotalSize = 0x80
[2026-09-07 12:35:11.3831044] FMapProperty::KeyProp = 0x70
[2026-09-07 12:35:11.3831083] FMapProperty::MapLayout = 0x80
[2026-09-07 12:35:11.3831121] FMapProperty::ValueProp = 0x78
[2026-09-07 12:35:11.3831159] FMapProperty::MapFlags = 0x98
[2026-09-07 12:35:11.3831197] FMapProperty::UEP_TotalSize = 0xA0
[2026-09-07 12:35:11.3831236] FSetProperty::ElementProp = 0x70
[2026-09-07 12:35:11.3831274] FSetProperty::UEP_TotalSize = 0x90
[2026-09-07 12:35:11.3831312] FSetProperty::SetLayout = 0x78
[2026-09-07 12:35:11.3831351] FBoolProperty::ByteOffset = 0x71
[2026-09-07 12:35:11.3831389] FBoolProperty::FieldSize = 0x70
[2026-09-07 12:35:11.3831518] FBoolProperty::FieldMask = 0x73
[2026-09-07 12:35:11.3831576] FBoolProperty::ByteMask = 0x72
[2026-09-07 12:35:11.3831626] FBoolProperty::UEP_TotalSize = 0x78
[2026-09-07 12:35:11.3831666] FByteProperty::Enum = 0x70
[2026-09-07 12:35:11.3831705] FByteProperty::UEP_TotalSize = 0x78
[2026-09-07 12:35:11.3831744] FEnumProperty::UEP_TotalSize = 0x80
[2026-09-07 12:35:11.3831783] FEnumProperty::UnderlyingProp = 0x70
[2026-09-07 12:35:11.3831846] FEnumProperty::Enum = 0x78
[2026-09-07 12:35:11.3831887] FClassProperty::MetaClass = 0x78
[2026-09-07 12:35:11.3831925] FClassProperty::UEP_TotalSize = 0x80
[2026-09-07 12:35:11.3831964] FSoftClassProperty::MetaClass = 0x78
[2026-09-07 12:35:11.3832002] FSoftClassProperty::UEP_TotalSize = 0x80
[2026-09-07 12:35:11.3832042] FDelegateProperty::SignatureFunction = 0x70
[2026-09-07 12:35:11.3832081] FDelegateProperty::UEP_TotalSize = 0x78
[2026-09-07 12:35:11.3832120] FMulticastDelegateProperty::SignatureFunction = 0x70
[2026-09-07 12:35:11.3832159] FMulticastDelegateProperty::UEP_TotalSize = 0x78
[2026-09-07 12:35:11.3832199] FInterfaceProperty::InterfaceClass = 0x70
[2026-09-07 12:35:11.3832238] FInterfaceProperty::UEP_TotalSize = 0x78
[2026-09-07 12:35:11.3832277] FFieldPathProperty::PropertyClass = 0x70
[2026-09-07 12:35:11.3832316] FFieldPathProperty::UEP_TotalSize = 0x78
[2026-09-07 12:35:11.3832356] FWorldContext::ThisCurrentWorld = 0x2C0
[2026-09-07 12:35:11.3832395] FWorldContext::ExternalReferences = 0x2B0
[2026-09-07 12:35:11.3832434] FWorldContext::LastRemoteURL = 0x128
[2026-09-07 12:35:11.3832472] FWorldContext::ContextHandle = 0xA0
[2026-09-07 12:35:11.3832512] FWorldContext::PendingMapChangeFailureDescription = 0x1C8
[2026-09-07 12:35:11.3832551] FWorldContext::TravelURL = 0xA8
[2026-09-07 12:35:11.3832589] FWorldContext::TravelType = 0xB8
[2026-09-07 12:35:11.3832627] FWorldContext::LastURL = 0xC0
[2026-09-07 12:35:11.3832665] FWorldContext::LevelsToLoadForPendingMapChange = 0x1A8
[2026-09-07 12:35:11.3832703] FWorldContext::GarbageObjectsToVerify = 0x260
[2026-09-07 12:35:11.3832742] FWorldContext::bShouldCommitPendingMapChange = 0x1D8
[2026-09-07 12:35:11.3832781] FWorldContext::GameViewport = 0x200
[2026-09-07 12:35:11.3832819] FWorldContext::PIEInstance = 0x220
[2026-09-07 12:35:11.3832857] FWorldContext::PIEFixedTickSeconds = 0x258
[2026-09-07 12:35:11.3832896] FWorldContext::PIEPrefix = 0x228
[2026-09-07 12:35:11.3832934] FWorldContext::RunAsDedicated = 0x23C
[2026-09-07 12:35:11.3832973] FWorldContext::bWaitingOnOnlineSubsystem = 0x23D
[2026-09-07 12:35:11.3833012] FWorldContext::bIsPrimaryPIEInstance = 0x23E
[2026-09-07 12:35:11.3833050] FWorldContext::AudioDeviceID = 0x240
[2026-09-07 12:35:11.3833088] FWorldContext::CustomDescription = 0x248
[2026-09-07 12:35:11.3833126] FWorldContext::PIEAccumulatedTickSeconds = 0x25C
[2026-09-07 12:35:11.3833164] FWorldContext::UEP_TotalSize = 0x2C8
[2026-09-07 12:35:11.3833202] FOutputDevice::bSuppressEventTag = 0x8
[2026-09-07 12:35:11.3833243] FOutputDevice::bAutoEmitLineTerminator = 0x9
[2026-09-07 12:35:11.3833281] FOutputDevice::UEP_TotalSize = 0x10
[2026-09-07 12:35:11.3833321] FArchiveState::ArIsTextFormat = 0x28
[2026-09-07 12:35:11.3833360] FArchiveState::ArIsLoading = 0x28
[2026-09-07 12:35:11.3833399] FArchiveState::ArIsLoadingFromCookedPackage = 0x28
[2026-09-07 12:35:11.3833438] FArchiveState::ArPortFlags = 0x34
[2026-09-07 12:35:11.3833477] FArchiveState::ArIsTransacting = 0x28
[2026-09-07 12:35:11.3833515] FArchiveState::ArIsSaving = 0x28
[2026-09-07 12:35:11.3833553] FArchiveState::ArForceUnicode = 0x28
[2026-09-07 12:35:11.3833593] FArchiveState::ArIsModifyingWeakAndStrongReferences = 0x2B
[2026-09-07 12:35:11.3833633] FArchiveState::ArUseUnversionedPropertySerialization = 0x28
[2026-09-07 12:35:11.3833671] FArchiveState::ArWantBinaryPropertySerialization = 0x28
[2026-09-07 12:35:11.3833710] FArchiveState::ArIsObjectReferenceCollector = 0x2B
[2026-09-07 12:35:11.3833749] FArchiveState::ArIsPersistent = 0x29
[2026-09-07 12:35:11.3833789] FArchiveState::ArForceByteSwapping = 0x2A
[2026-09-07 12:35:11.3833828] FArchiveState::ArIsError = 0x29
[2026-09-07 12:35:11.3833867] FArchiveState::ArUEVer = 0x40
[2026-09-07 12:35:11.3833906] FArchiveState::ArIsCriticalError = 0x29
[2026-09-07 12:35:11.3833944] FArchiveState::ArMaxSerializeSize = 0x38
[2026-09-07 12:35:11.3833983] FArchiveState::ArShouldSkipCompilingAssets = 0x29
[2026-09-07 12:35:11.3834023] FArchiveState::ArShouldSkipUpdateCustomVersion = 0x29
[2026-09-07 12:35:11.3834080] FArchiveState::ArCustomPropertyList = 0x60
[2026-09-07 12:35:11.3834128] FArchiveState::ArContainsCode = 0x29
[2026-09-07 12:35:11.3834193] FArchiveState::ArIsNetArchive = 0x2B
[2026-09-07 12:35:11.3834247] FArchiveState::ArContainsMap = 0x29
[2026-09-07 12:35:11.3834301] FArchiveState::ArRequiresLocalizationGather = 0x29
[2026-09-07 12:35:11.3834354] FArchiveState::ArIgnoreArchetypeRef = 0x2A
[2026-09-07 12:35:11.3834409] FArchiveState::ArNoDelta = 0x2A
[2026-09-07 12:35:11.3834465] FArchiveState::ArNoIntraPropertyDelta = 0x2A
[2026-09-07 12:35:11.3834528] FArchiveState::ArIgnoreOuterRef = 0x2A
[2026-09-07 12:35:11.3834569] FArchiveState::ArIgnoreClassGeneratedByRef = 0x2A
[2026-09-07 12:35:11.3834608] FArchiveState::ArLicenseeUEVer = 0x48
[2026-09-07 12:35:11.3834647] FArchiveState::ArMergeOverrides = 0x2C
[2026-09-07 12:35:11.3834685] FArchiveState::ArIgnoreClassRef = 0x2A
[2026-09-07 12:35:11.3834723] FArchiveState::ArAllowLazyLoading = 0x2A
[2026-09-07 12:35:11.3834762] FArchiveState::NextProxy = 0x88
[2026-09-07 12:35:11.3834800] FArchiveState::ArIsCountingMemory = 0x2B
[2026-09-07 12:35:11.3834841] FArchiveState::bCustomVersionsAreReset = 0x80
[2026-09-07 12:35:11.3834879] FArchiveState::ArShouldSkipBulkData = 0x2B
[2026-09-07 12:35:11.3834927] FArchiveState::ArIsFilterEditorOnly = 0x2B
[2026-09-07 12:35:11.3834988] FArchiveState::ArIsSavingOptionalObject = 0x2B
[2026-09-07 12:35:11.3835046] FArchiveState::ArIsSaveGame = 0x2B
[2026-09-07 12:35:11.3835100] FArchiveState::ArUseCustomPropertyList = 0x2C
[2026-09-07 12:35:11.3835162] FArchiveState::ArPreserveArrayElements = 0x2C
[2026-09-07 12:35:11.3835213] FArchiveState::UEP_TotalSize = 0x90
[2026-09-07 12:35:11.3835270] FArchiveState::ArSerializingDefaults = 0x30
[2026-09-07 12:35:11.3835325] FArchiveState::ArEngineVer = 0x4C
[2026-09-07 12:35:11.3835378] FArchiveState::CustomVersionContainer = 0x58
[2026-09-07 12:35:11.3835432] FArchiveState::SavePackageData = 0x68
[2026-09-07 12:35:11.3835485] FArchiveState::SerializedProperty = 0x70
[2026-09-07 12:35:11.3835539] AActor::PrimaryActorTick = 0x28
[2026-09-07 12:35:11.3835599] AActor::bNetTemporary = 0x58
[2026-09-07 12:35:11.3835644] AActor::ActorHasBegunPlay = 0x5D
[2026-09-07 12:35:11.3835684] AActor::bReplicateUsingRegisteredSubObjectList = 0x5B
[2026-09-07 12:35:11.3835723] AActor::bIsEditorOnlyActor = 0x5B
[2026-09-07 12:35:11.3835762] AActor::bReplicateMovement = 0x58
[2026-09-07 12:35:11.3835800] AActor::bAlwaysRelevant = 0x58
[2026-09-07 12:35:11.3835838] AActor::bNetStartup = 0x58
[2026-09-07 12:35:11.3835877] AActor::bActorIsBeingConstructed = 0x5D
[2026-09-07 12:35:11.3835916] AActor::bActorBeginningPlayFromLevelStreaming = 0x5C
[2026-09-07 12:35:11.3835955] AActor::bNetCheckedInitialPhysicsState = 0x5B
[2026-09-07 12:35:11.3835993] AActor::bOnlyRelevantToOwner = 0x58
[2026-09-07 12:35:11.3836032] AActor::bCallPreReplicationForReplay = 0x58
[2026-09-07 12:35:11.3836070] AActor::bCallPreReplication = 0x58
[2026-09-07 12:35:11.3836108] AActor::bReplayRewindable = 0x59
[2026-09-07 12:35:11.3836147] AActor::bHidden = 0x58
[2026-09-07 12:35:11.3836186] AActor::bTearOff = 0x59
[2026-09-07 12:35:11.3836225] AActor::bForceNetAddressable = 0x59
[2026-09-07 12:35:11.3836264] AActor::InputPriority = 0x16C
[2026-09-07 12:35:11.3836303] AActor::bCanBeInCluster = 0x5B
[2026-09-07 12:35:11.3836343] AActor::bAllowTickBeforeBeginPlay = 0x5A
[2026-09-07 12:35:11.3836382] AActor::bExchangedRoles = 0x59
[2026-09-07 12:35:11.3836422] AActor::bNetLoadOnClient = 0x59
[2026-09-07 12:35:11.3836483] AActor::AutoReceiveInput = 0x16B
[2026-09-07 12:35:11.3836537] AActor::bHasPreRegisteredAllComponents = 0x5C
[2026-09-07 12:35:11.3836591] AActor::bNetUseOwnerRelevancy = 0x59
[2026-09-07 12:35:11.3836644] AActor::Role = 0x168
[2026-09-07 12:35:11.3836698] AActor::bGenerateOverlapEventsDuringLevelStreaming = 0x5A
[2026-09-07 12:35:11.3836752] AActor::bCollideWhenPlacing = 0x5A
[2026-09-07 12:35:11.3836805] AActor::HLODLayer = 0x1C8
[2026-09-07 12:35:11.3836872] AActor::bRelevantForNetworkReplays = 0x59
[2026-09-07 12:35:11.3836957] AActor::bEnableAutoLODGeneration = 0x5B
[2026-09-07 12:35:11.3837036] AActor::bHasRegisteredAllComponents = 0x5C
[2026-09-07 12:35:11.3837101] AActor::bActorInitialized = 0x5C
[2026-09-07 12:35:11.3837142] AActor::bRelevantForLevelBounds = 0x59
[2026-09-07 12:35:11.3837193] AActor::bActorIsPendingPostNetInit = 0x5D
[2026-09-07 12:35:11.3837252] AActor::bHasFinishedSpawning = 0x5C
[2026-09-07 12:35:11.3837306] AActor::bAutoDestroyWhenFinished = 0x5A
[2026-09-07 12:35:11.3837363] AActor::bCanBeDamaged = 0x5A
[2026-09-07 12:35:11.3837428] AActor::SpawnCollisionHandlingMethod = 0x16A
[2026-09-07 12:35:11.3837496] AActor::bIgnoresOriginShifting = 0x5A
[2026-09-07 12:35:11.3837565] AActor::bBlockInput = 0x5A
[2026-09-07 12:35:11.3837626] AActor::bFindCameraComponentWhenViewTarget = 0x5A
[2026-09-07 12:35:11.3837680] AActor::bActorSeamlessTraveled = 0x5B
[2026-09-07 12:35:11.3837738] AActor::bReplicates = 0x5B
[2026-09-07 12:35:11.3837799] AActor::bActorEnableCollision = 0x5D
[2026-09-07 12:35:11.3837864] AActor::bAllowReceiveTickEventOnDedicatedServer = 0x5B
[2026-09-07 12:35:11.3837927] AActor::bTickFunctionsRegistered = 0x5C
[2026-09-07 12:35:11.3837980] AActor::bHasDeferredComponentRegistration = 0x5C
[2026-09-07 12:35:11.3838047] AActor::AttachmentReplication = 0x70
[2026-09-07 12:35:11.3838097] AActor::bRunningUserConstructionScript = 0x5C
[2026-09-07 12:35:11.3838155] AActor::bActorIsBeingDestroyed = 0x5D
[2026-09-07 12:35:11.3838211] AActor::bActorWantsDestroyDuringBeginPlay = 0x5D
[2026-09-07 12:35:11.3838264] AActor::bAsyncPhysicsTickEnabled = 0x5D
[2026-09-07 12:35:11.3838318] AActor::UpdateOverlapsMethodDuringLevelStreaming = 0x5E
[2026-09-07 12:35:11.3838371] AActor::DefaultUpdateOverlapsMethodDuringLevelStreaming = 0x5F
[2026-09-07 12:35:11.3838425] AActor::RemoteRole = 0x60
[2026-09-07 12:35:11.3838479] AActor::ActorCategory = 0x61
[2026-09-07 12:35:11.3838517] AActor::InitialLifeSpan = 0x64
[2026-09-07 12:35:11.3838555] AActor::CustomTimeDilation = 0x68
[2026-09-07 12:35:11.3838593] AActor::RayTracingGroupId = 0x6C
[2026-09-07 12:35:11.3838631] AActor::ReplicatedMovement = 0xD0
[2026-09-07 12:35:11.3838669] AActor::Owner = 0x158
[2026-09-07 12:35:11.3838707] AActor::NetDriverName = 0x160
[2026-09-07 12:35:11.3838744] AActor::NetDormancy = 0x169
[2026-09-07 12:35:11.3838796] AActor::CreationTime = 0x170
[2026-09-07 12:35:11.3838864] AActor::InputComponent = 0x178
[2026-09-07 12:35:11.3838928] AActor::NetTag = 0x180
[2026-09-07 12:35:11.3838987] AActor::NetCullDistanceSquared = 0x184
[2026-09-07 12:35:11.3839054] AActor::NetUpdateFrequency = 0x188
[2026-09-07 12:35:11.3839127] AActor::MinNetUpdateFrequency = 0x18C
[2026-09-07 12:35:11.3839191] AActor::NetPriority = 0x190
[2026-09-07 12:35:11.3839260] AActor::PhysicsReplicationMode = 0x194
[2026-09-07 12:35:11.3839333] AActor::LastRenderTime = 0x198
[2026-09-07 12:35:11.3839401] AActor::Children = 0x1A8
[2026-09-07 12:35:11.3839468] AActor::RootComponent = 0x1B8
[2026-09-07 12:35:11.3839537] AActor::TimerHandle_LifeSpanExpired = 0x1C0
[2026-09-07 12:35:11.3839607] AActor::Layers = 0x1D0
[2026-09-07 12:35:11.3839676] AActor::ParentComponent = 0x1E0
[2026-09-07 12:35:11.3839744] AActor::Tags = 0x1E8
[2026-09-07 12:35:11.3839813] AActor::OnTakeAnyDamage = 0x1F8
[2026-09-07 12:35:11.3839883] AActor::OnTakePointDamage = 0x1F9
[2026-09-07 12:35:11.3839948] AActor::OnTakeRadialDamage = 0x1FA
[2026-09-07 12:35:11.3840016] AActor::OnActorBeginOverlap = 0x1FB
[2026-09-07 12:35:11.3840085] AActor::OnActorEndOverlap = 0x1FC
[2026-09-07 12:35:11.3840151] AActor::OnBeginCursorOver = 0x1FD
[2026-09-07 12:35:11.3840219] AActor::OnEndCursorOver = 0x1FE
[2026-09-07 12:35:11.3840292] AActor::OnClicked = 0x1FF
[2026-09-07 12:35:11.3840358] AActor::OnReleased = 0x200
[2026-09-07 12:35:11.3840425] AActor::OnInputTouchBegin = 0x201
[2026-09-07 12:35:11.3840496] AActor::OnInputTouchEnd = 0x202
[2026-09-07 12:35:11.3840563] AActor::OnInputTouchEnter = 0x203
[2026-09-07 12:35:11.3840629] AActor::OnInputTouchLeave = 0x204
[2026-09-07 12:35:11.3840697] AActor::OnActorHit = 0x205
[2026-09-07 12:35:11.3840816] AActor::OnDestroyed = 0x206
[2026-09-07 12:35:11.3840891] AActor::OnEndPlay = 0x207
[2026-09-07 12:35:11.3840960] AActor::ReplicatedSubObjects = 0x208
[2026-09-07 12:35:11.3841029] AActor::ReplicatedComponentsInfo = 0x218
[2026-09-07 12:35:11.3841094] AActor::UEP_TotalSize = 0x2A8
[2026-09-07 12:35:11.3841165] AGameModeBase::OptionsString = 0x2A8
[2026-09-07 12:35:11.3841233] AGameModeBase::ServerStatReplicator = 0x310
[2026-09-07 12:35:11.3841301] AGameModeBase::GameSessionClass = 0x2B8
[2026-09-07 12:35:11.3841361] AGameModeBase::PlayerStateClass = 0x2D0
[2026-09-07 12:35:11.3841472] AGameModeBase::HUDClass = 0x2D8
[2026-09-07 12:35:11.3841545] AGameModeBase::SpectatorClass = 0x2E8
[2026-09-07 12:35:11.3841610] AGameModeBase::GameSession = 0x300
[2026-09-07 12:35:11.3841674] AGameModeBase::ServerStatReplicatorClass = 0x2F8
[2026-09-07 12:35:11.3841744] AGameModeBase::DefaultPlayerName = 0x318
[2026-09-07 12:35:11.3841814] AGameModeBase::bUseSeamlessTravel = 0x328
[2026-09-07 12:35:11.3841880] AGameModeBase::bStartPlayersAsSpectators = 0x328
[2026-09-07 12:35:11.3841946] AGameModeBase::bPauseable = 0x328
[2026-09-07 12:35:11.3842013] AGameModeBase::GameNetDriverReplicationSystem = 0x32C
[2026-09-07 12:35:11.3842069] AGameModeBase::UEP_TotalSize = 0x340
[2026-09-07 12:35:11.3842126] UEngine::NamePrivate = 0x18
[2026-09-07 12:35:11.3842182] UEngine::ObjectFlags = 0x8
[2026-09-07 12:35:11.3842234] UEngine::ClassPrivate = 0x10
[2026-09-07 12:35:11.3842292] UEngine::InternalIndex_Private = 0xC
[2026-09-07 12:35:11.3842345] UEngine::OuterPrivate = 0x20
[2026-09-07 12:35:11.3842397] UEngine::UEP_TotalSize = 0x28
[2026-09-07 12:35:11.3842453] UGameViewportClient::ViewportConsole = 0x40
[2026-09-07 12:35:11.3842507] UGameViewportClient::SplitscreenInfo = 0x58
[2026-09-07 12:35:11.3842568] UGameViewportClient::HardwareCursorCache = 0x180
[2026-09-07 12:35:11.3842628] UGameViewportClient::DebugProperties = 0x48
[2026-09-07 12:35:11.3842686] UGameViewportClient::World = 0x78
[2026-09-07 12:35:11.3842740] UGameViewportClient::ActiveSplitscreenType = 0x70
[2026-09-07 12:35:11.3842793] UGameViewportClient::ViewportOverlayWidget = 0x118
[2026-09-07 12:35:11.3842850] UGameViewportClient::bHasAudioFocus = 0x104
[2026-09-07 12:35:11.3842913] UGameViewportClient::MaxSplitscreenPlayers = 0x68
[2026-09-07 12:35:11.3842975] UGameViewportClient::GameLayerManager = 0x128
[2026-09-07 12:35:11.3843037] UGameViewportClient::bDisableWorldRendering = 0x6C
[2026-09-07 12:35:11.3843096] UGameViewportClient::bIsPlayInEditorViewport = 0x6C
[2026-09-07 12:35:11.3843154] UGameViewportClient::bEnablePlayersSplitRT = 0x6C
[2026-09-07 12:35:11.3843219] UGameViewportClient::CurrentLumenVisualizationMode = 0x148
[2026-09-07 12:35:11.3843272] UGameViewportClient::bSuppressTransitionMessage = 0x88
[2026-09-07 12:35:11.3843324] UGameViewportClient::ViewModeIndex = 0xB0
[2026-09-07 12:35:11.3843378] UGameViewportClient::EngineShowFlags = 0xB8
[2026-09-07 12:35:11.3843436] UGameViewportClient::Viewport = 0xF8
[2026-09-07 12:35:11.3843494] UGameViewportClient::MouseLockMode = 0x3DC
[2026-09-07 12:35:11.3843547] UGameViewportClient::ViewportFrame = 0xF8
[2026-09-07 12:35:11.3843600] UGameViewportClient::AudioDeviceHandle = 0x100
[2026-09-07 12:35:11.3843656] UGameViewportClient::bDisableSplitScreenOverride = 0x3D8
[2026-09-07 12:35:11.3843710] UGameViewportClient::Window = 0x108
[2026-09-07 12:35:11.3843769] UGameViewportClient::UEP_TotalSize = 0x3E0
[2026-09-07 12:35:11.3843822] UGameViewportClient::CurrentBufferVisualizationMode = 0x138
[2026-09-07 12:35:11.3843861] UGameViewportClient::CurrentNaniteVisualizationMode = 0x140
[2026-09-07 12:35:11.3843899] UGameViewportClient::CurrentMegaLightsVisualizationMode = 0x150
[2026-09-07 12:35:11.3843938] UGameViewportClient::CurrentSubstrateVisualizationMode = 0x158
[2026-09-07 12:35:11.3843977] UGameViewportClient::CurrentGroomVisualizationMode = 0x160
[2026-09-07 12:35:11.3844016] UGameViewportClient::CurrentVirtualShadowMapVisualizationMode = 0x168
[2026-09-07 12:35:11.3844093] UGameViewportClient::HighResScreenshotDialog = 0x170
[2026-09-07 12:35:11.3844132] UGameViewportClient::HardwareCursors = 0x1D0
[2026-09-07 12:35:11.3844171] UGameViewportClient::CursorWidgets = 0x220
[2026-09-07 12:35:11.3844211] UGameViewportClient::bUseSoftwareCursorWidgets = 0x270
[2026-09-07 12:35:11.3844250] UGameViewportClient::StatUnitData = 0x3C0
[2026-09-07 12:35:11.3844288] UGameViewportClient::StatThermalsData = 0x3C8
[2026-09-07 12:35:11.3844326] UGameViewportClient::StatHitchesData = 0x3D0
[2026-09-07 12:35:11.3844364] UGameViewportClient::bIgnoreInput = 0x3D9
[2026-09-07 12:35:11.3844402] UGameViewportClient::MouseCaptureMode = 0x3DA
[2026-09-07 12:35:11.3844440] UGameViewportClient::bHideCursorDuringCapture = 0x3DB
[2026-09-07 12:35:11.3844479] UGameViewportClient::bIsMouseOverClient = 0x3DD
[2026-09-07 12:35:11.3844519] UPlayer::CurrentNetSpeed = 0x38
[2026-09-07 12:35:11.3844558] UPlayer::UEP_TotalSize = 0x48
[2026-09-07 12:35:11.3844596] UPlayer::ConfiguredLanSpeed = 0x40
[2026-09-07 12:35:11.3844634] UPlayer::ConfiguredInternetSpeed = 0x3C
[2026-09-07 12:35:11.3844673] ULocalPlayer::ControllerId = 0xE8
[2026-09-07 12:35:11.3844711] ULocalPlayer::CachedUniqueNetId = 0x48
[2026-09-07 12:35:11.3844751] ULocalPlayer::ConnectionIdentifier = 0x108
[2026-09-07 12:35:11.3844790] ULocalPlayer::bEmulateSplitscreen = 0xCC
[2026-09-07 12:35:11.3844828] ULocalPlayer::ViewportClient = 0x78
[2026-09-07 12:35:11.3844867] ULocalPlayer::AspectRatioAxisConstraint = 0xB8
[2026-09-07 12:35:11.3844905] ULocalPlayer::bSentSplitJoin = 0xC8
[2026-09-07 12:35:11.3844943] ULocalPlayer::PlatformUserId = 0x10C
[2026-09-07 12:35:11.3844982] ULocalPlayer::SlateOperations = 0x210
[2026-09-07 12:35:11.3845020] ULocalPlayer::UEP_TotalSize = 0x2C8
[2026-09-07 12:35:11.3845060] UWorld::PerModuleDataObjects = 0x80
[2026-09-07 12:35:11.3845109] UWorld::ExtraReferencedObjects = 0x70
[2026-09-07 12:35:11.3845148] UWorld::bShouldForceVisibleStreamingLevels = 0x18E
[2026-09-07 12:35:11.3845187] UWorld::bSupportsMakingVisibleTransactionRequests = 0x110
[2026-09-07 12:35:11.3845224] UWorld::StreamingLevelsPrefix = 0xD0
[2026-09-07 12:35:11.3845262] UWorld::bSupportsMakingInvisibleTransactionRequests = 0x112
[2026-09-07 12:35:11.3845311] UWorld::bPlayersOnly = 0x18D
[2026-09-07 12:35:11.3845349] UWorld::DeltaTimeSeconds = 0x87C
[2026-09-07 12:35:11.3845388] UWorld::bDoDelayedUpdateCullDistanceVolumes = 0x18C
[2026-09-07 12:35:11.3845426] UWorld::PendingVisibilityLock = 0x118
[2026-09-07 12:35:11.3845465] UWorld::bIsRunningConstructionScript = 0x18C
[2026-09-07 12:35:11.3845503] UWorld::bAllowDeferredPhysicsStateCreation = 0x158
[2026-09-07 12:35:11.3845541] UWorld::LastRenderTime = 0x180
[2026-09-07 12:35:11.3845580] UWorld::bPlayersOnlyPending = 0x18D
[2026-09-07 12:35:11.3845618] UWorld::bWorldWasLoadedThisTick = 0x18B
[2026-09-07 12:35:11.3845656] UWorld::StreamingVolumeUpdateDelay = 0x7F4
[2026-09-07 12:35:11.3845695] UWorld::bIsLevelStreamingFrozen = 0x18B
[2026-09-07 12:35:11.3845733] UWorld::bTriggerPostLoadMap = 0x18B
[2026-09-07 12:35:11.3845774] UWorld::bInTick = 0x18B
[2026-09-07 12:35:11.3845812] UWorld::TimeSeconds = 0x858
[2026-09-07 12:35:11.3845850] UWorld::bIsBuilt = 0x18B
[2026-09-07 12:35:11.3845888] UWorld::DeltaRealTimeSeconds = 0x878
[2026-09-07 12:35:11.3845925] UWorld::bTickNewlySpawned = 0x18B
[2026-09-07 12:35:11.3845964] UWorld::AuthorityGameMode = 0x1A8
[2026-09-07 12:35:11.3846002] UWorld::bPostTickComponentUpdate = 0x18B
[2026-09-07 12:35:11.3846040] UWorld::bShouldSimulatePhysics = 0x18C
[2026-09-07 12:35:11.3846077] UWorld::bIsWorldInitialized = 0x18B
[2026-09-07 12:35:11.3846115] UWorld::PlayerNum = 0x7F0
[2026-09-07 12:35:11.3846154] UWorld::bIsDefaultLevel = 0x18C
[2026-09-07 12:35:11.3846192] UWorld::bRequestedBlockOnAsyncLoading = 0x18C
[2026-09-07 12:35:11.3846231] UWorld::bIsBeingCleanedUp = 0x190
[2026-09-07 12:35:11.3846269] UWorld::bActorsInitialized = 0x18C
[2026-09-07 12:35:11.3846308] UWorld::bBegunPlay = 0x18C
[2026-09-07 12:35:11.3846347] UWorld::bIsCameraMoveableWhenPaused = 0x18D
[2026-09-07 12:35:11.3846406] UWorld::bMatchStarted = 0x18C
[2026-09-07 12:35:11.3846445] UWorld::bStartup = 0x18D
[2026-09-07 12:35:11.3846489] UWorld::bAreConstraintsDirty = 0x18E
[2026-09-07 12:35:11.3846527] UWorld::bIsTearingDown = 0x18D
[2026-09-07 12:35:11.3846573] UWorld::bKismetScriptError = 0x18D
[2026-09-07 12:35:11.3846611] UWorld::bDebugPauseExecution = 0x18D
[2026-09-07 12:35:11.3846649] UWorld::ActiveLevelCollectionIndex = 0x1E8
[2026-09-07 12:35:11.3846695] UWorld::bAllowAudioPlayback = 0x18D
[2026-09-07 12:35:11.3846733] UWorld::bRequiresHitProxies = 0x18E
[2026-09-07 12:35:11.3846778] UWorld::bShouldTick = 0x18E
[2026-09-07 12:35:11.3846816] UWorld::bStreamingDataDirty = 0x18E
[2026-09-07 12:35:11.3846854] UWorld::bShouldForceUnloadStreamingLevels = 0x18E
[2026-09-07 12:35:11.3846892] UWorld::NextURL = 0x8D8
[2026-09-07 12:35:11.3846930] UWorld::RealTimeSeconds = 0x868
[2026-09-07 12:35:11.3846969] UWorld::bMaterialParameterCollectionInstanceNeedsDeferredUpdate = 0x18E
[2026-09-07 12:35:11.3847007] UWorld::NextSwitchCountdown = 0x8B8
[2026-09-07 12:35:11.3847045] UWorld::bHasEverBeenInitialized = 0x18E
[2026-09-07 12:35:11.3847082] UWorld::PostProcessVolumeCachedSizes = 0x830
[2026-09-07 12:35:11.3847120] UWorld::bAllowLumenPrimitiveTrackingInPreviewWorld = 0x18F
[2026-09-07 12:35:11.3847158] UWorld::BlockTillLevelStreamingCompletedEpoch = 0x198
[2026-09-07 12:35:11.3847196] UWorld::bIsThePostGCDelegateRegistered = 0x18F
[2026-09-07 12:35:11.3847235] UWorld::PreparingLevelNames = 0x8E8
[2026-09-07 12:35:11.3847273] UWorld::IsInBlockTillLevelStreamingCompleted = 0x194
[2026-09-07 12:35:11.3847311] UWorld::BuildStreamingDataTimer = 0x5F0
[2026-09-07 12:35:11.3847355] UWorld::URL = 0x718
[2026-09-07 12:35:11.3847393] UWorld::LastTimeUnbuiltLightingWasEncountered = 0x850
[2026-09-07 12:35:11.3847432] UWorld::UnpausedTimeSeconds = 0x860
[2026-09-07 12:35:11.3847469] UWorld::AudioTimeSeconds = 0x870
[2026-09-07 12:35:11.3847514] UWorld::PauseDelay = 0x880
[2026-09-07 12:35:11.3847552] UWorld::NumStreamingLevelsBeingLoaded = 0x8D2
[2026-09-07 12:35:11.3847591] UWorld::CommittedPersistentLevelName = 0x8F8
[2026-09-07 12:35:11.3847628] UWorld::bMarkedObjectsPendingKill = 0x900
[2026-09-07 12:35:11.3847666] UWorld::CleanupWorldTag = 0x904
[2026-09-07 12:35:11.3847703] UWorld::UEP_TotalSize = 0xAE8
[2026-09-07 12:35:11.3847745] UDataTable::RowStruct = 0x28
[2026-09-07 12:35:11.3847782] UDataTable::RowMap = 0x30
[2026-09-07 12:35:11.3847820] UDataTable::bStripFromClientBuilds = 0x80
[2026-09-07 12:35:11.3847858] UDataTable::bPreserveExistingValues = 0x80
[2026-09-07 12:35:11.3847896] UDataTable::bIgnoreExtraFields = 0x80
[2026-09-07 12:35:11.3847934] UDataTable::bIgnoreMissingFields = 0x80
[2026-09-07 12:35:11.3847972] UDataTable::UEP_TotalSize = 0xD8
[2026-09-07 12:35:11.3848010] UDataTable::ImportKeyField = 0x88
[2026-09-07 12:35:11.3848049] FUObjectItem::FlagsAndRefCount = 0x0
[2026-09-07 12:35:11.3848088] FUObjectItem::RemoteId = 0x0
[2026-09-07 12:35:11.3848126] FUObjectItem::Object = 0x8
[2026-09-07 12:35:11.3848164] FUObjectItem::ObjectPtrLow = 0x8
[2026-09-07 12:35:11.3848203] FUObjectItem::SerialNumber = 0x10
[2026-09-07 12:35:11.3848241] FUObjectItem::ClusterRootIndex = 0x14
[2026-09-07 12:35:11.3848279] FUObjectItem::UEP_TotalSize = 0x18
[2026-09-07 12:35:11.3848317] FUObjectArray::ObjObjects = 0x0
[2026-09-07 12:35:11.3848356] FUObjectArray::UObjectCreateListeners = 0x70
[2026-09-07 12:35:11.3848395] FUObjectArray::ObjAvailableListEstimateCount = 0x68
[2026-09-07 12:35:11.3848433] FUObjectArray::OpenForDisregardForGC = 0x2C
[2026-09-07 12:35:11.3848471] FUObjectArray::ObjFirstGCIndex = 0x20
[2026-09-07 12:35:11.3848510] FUObjectArray::ObjLastNonGCIndex = 0x24
[2026-09-07 12:35:11.3848549] FUObjectArray::MaxObjectsNotConsideredByGC = 0x28
[2026-09-07 12:35:11.3848587] FUObjectArray::ObjAvailableList = 0x58
[2026-09-07 12:35:11.3848625] FUObjectArray::UObjectDeleteListeners = 0xA8
[2026-09-07 12:35:11.3848663] FUObjectArray::PrimarySerialNumber = 0xE0
[2026-09-07 12:35:11.3848701] FUObjectArray::bShouldRecycleObjectIndices = 0xE4
[2026-09-07 12:35:11.3848760] FUObjectArray::UEP_TotalSize = 0xE8
[2026-09-07 12:35:11.3848799] TUObjectArray::NumChunks = 0x10
[2026-09-07 12:35:11.3848837] TUObjectArray::Objects = 0x0
[2026-09-07 12:35:11.3848875] TUObjectArray::NumElements = 0x8
[2026-09-07 12:35:11.3848913] TUObjectArray::MaxElements = 0xC
[2026-09-07 12:35:11.3848950] TUObjectArray::MaxChunks = 0x14
[2026-09-07 12:35:11.3848988] TUObjectArray::UEP_TotalSize = 0x20
[2026-09-07 12:35:11.3849026] TUObjectArray::PreAllocatedObjects = 0x18
[2026-09-07 12:35:11.3849065] 
##### MEMBER OFFSETS END (Coalesced) #####

[2026-09-07 12:35:11.3849156] Unreal Engine modules (non-modular):
[2026-09-07 12:35:11.3849208] MainExe @ 0x140000000 size=0xbb8f000
[2026-09-07 12:35:11.3849309] [EventViewerMod.EngineTick.InstallHook] Added prehook with Id '0XE020000000000004'!
[2026-09-07 12:35:11.3849503] m_shared_functions: 0xd413f0
[2026-09-07 12:35:11.3852877] Input source set to: Win32Async
[2026-09-07 12:35:11.3858981] [UE4SS.LoadMap.LuaModImpl] Added prehook with Id '0X2040000000000001'!
[2026-09-07 12:35:11.3859084] [UE4SS.LoadMap.LuaModImpl] Added posthook with Id '0X40000000000002'!
[2026-09-07 12:35:11.3860821] [UE4SS.InitGameState.LuaModImpl] Added prehook with Id '0X2010000000000001'!
[2026-09-07 12:35:11.3860903] [UE4SS.InitGameState.LuaModImpl] Added posthook with Id '0X10000000000002'!
[2026-09-07 12:35:11.3863114] [UE4SS.BeginPlay.LuaModImpl] Added prehook with Id '0X2008000000000001'!
[2026-09-07 12:35:11.3863222] [UE4SS.BeginPlay.LuaModImpl] Added posthook with Id '0X8000000000002'!
[2026-09-07 12:35:11.3865085] [UE4SS.EndPlay.LuaModImpl] Added prehook with Id '0X2004000000000001'!
[2026-09-07 12:35:11.3865166] [UE4SS.EndPlay.LuaModImpl] Added posthook with Id '0X4000000000002'!
[2026-09-07 12:35:11.3865223] [UnknownMod.StaticConstructObject.PostHook] Added posthook with Id '0X1000000000000002'!
[2026-09-07 12:35:11.4108827] [UnknownMod.ULocalPlayerExec.PreHook] Added prehook with Id '0X2000400000000001'!
[2026-09-07 12:35:11.4108944] [UnknownMod.ULocalPlayerExec.PostHook] Added posthook with Id '0X400000000002'!
[2026-09-07 12:35:11.4110776] [UnknownMod.CallFunctionByNameWithArguments.PreHook] Added prehook with Id '0X2000800000000001'!
[2026-09-07 12:35:11.4110859] [UnknownMod.CallFunctionByNameWithArguments.PostHook] Added posthook with Id '0X800000000002'!
[2026-09-07 12:35:11.4112085] [UnknownMod.ProcessConsoleExec.PostHook] Added posthook with Id '0X400000000000001'!
[2026-09-07 12:35:11.4112175] [UnknownMod.ProcessConsoleExec.PreHook] Added prehook with Id '0X2400000000000002'!
[2026-09-07 12:35:11.4112228] [UnknownMod.ProcessConsoleExec.PostHook] Added posthook with Id '0X400000000000003'!
[2026-09-07 12:35:11.4112276] [UnknownMod.ProcessConsoleExec.PostHook] Added posthook with Id '0X400000000000004'!
[2026-09-07 12:35:11.4112325] [UnknownMod.ProcessConsoleExec.PostHook] Added posthook with Id '0X400000000000005'!
[2026-09-07 12:35:11.4112362] Enabling custom events
[2026-09-07 12:35:11.4112411] [ProcessLocalScriptFunction] Tried to install hook but hooking is disabled for this function.
[2026-09-07 12:35:11.4112460] [UE4SS.ProcessLocalScriptFunction.LuaModImplScriptHook] Failed to add hook, detour installation likely failed!
[2026-09-07 12:35:11.4113202] Starting mods (from mods.txt (S:\steamapps\common\FarFarWest\FarFarWest\Binaries\Win64\ue4ss\Mods\mods.txt) load order)...
[2026-09-07 12:35:11.4115989] Starting Lua mod 'CheatManagerEnablerMod'
[2026-09-07 12:35:11.4131477] [RegisterHook] Registered native hook (1, 2) for Function /Script/Engine.PlayerController:ClientRestart
[2026-09-07 12:35:11.4131650] Mod 'ActorDumperMod' disabled in mods.txt.
[2026-09-07 12:35:11.4131719] Starting Lua mod 'ConsoleCommandsMod'
[2026-09-07 12:35:11.4147634] Starting Lua mod 'ConsoleEnablerMod'
[2026-09-07 12:35:11.4158286] [UE4SS.EngineTick.LuaModImpl] Added prehook with Id '0X2020000000000005'!
[2026-09-07 12:35:11.4165526] [RegisterHook] Registered native hook (3, 4) for Function /Script/Engine.PlayerController:ClientRestart
[2026-09-07 12:35:11.4165673] Mod 'SplitScreenMod' disabled in mods.txt.
[2026-09-07 12:35:11.4165736] Starting Lua mod 'LineTraceMod'
[2026-09-07 12:35:11.4197973] [Lua] [LineTraceMod] KismetSystemLibrary: KismetSystemLibrary /Script/Engine.Default__KismetSystemLibrary
[2026-09-07 12:35:11.4212234] [Lua] [LineTraceMod] KismetMathLibrary: KismetMathLibrary /Script/Engine.Default__KismetMathLibrary
[2026-09-07 12:35:11.4212452] Starting Lua mod 'BPML_GenericFunctions'
[2026-09-07 12:35:11.4219187] Starting Lua mod 'BPModLoaderMod'
[2026-09-07 12:35:11.4263880] [Lua] [ConsoleEnabler] ConsoleKey[1]: Tilde
[2026-09-07 12:35:11.4264028] [Lua] [ConsoleEnabler] ConsoleKey[2]: Caret
[2026-09-07 12:35:11.4264115] [Lua] [ConsoleEnabler] ConsoleKey[3]: F9
[2026-09-07 12:35:11.4264193] [Lua] [ConsoleEnabler] ConsoleKey[4]: F10
[2026-09-07 12:35:11.4501815] [Lua] [BPModLoaderMod] Mods/BPModLoaderMod/load_order.txt not present or no matching mods, loading all BP mods in random order.
[2026-09-07 12:35:11.4502045] Mod 'jsbLuaProfilerMod' disabled in mods.txt.
[2026-09-07 12:35:11.4502114] Starting Lua mod 'HUDDump'
[2026-09-07 12:35:11.4507988] [Lua] [HUDDump] Loading...
[2026-09-07 12:35:11.4508213] [Lua] [HUDDump] Ready. Press F7 in game to dump widgets.
[2026-09-07 12:35:11.4508304] Starting Lua mod 'CenteredHUD'
[2026-09-07 12:35:11.4514549] [Lua] [CenteredHUD] Loading...
[2026-09-07 12:35:11.4515803] [NotifyOnNewObject] Registered notification for /Script/UMG.UserWidget
[2026-09-07 12:35:11.4515932] [Lua] [CenteredHUD] Ready (F8 = reload config)
[2026-09-07 12:35:11.4516027] Starting Lua mod 'Keybinds'
[2026-09-07 12:35:11.4520934] Starting mods (from enabled.txt (S:\steamapps\common\FarFarWest\FarFarWest\Binaries\Win64\ue4ss\Mods), no defined load order)...
[2026-09-07 12:35:11.4530011] Event loop start
[2026-09-07 12:35:14.3851650] [FCallbackGarbageCollector] Freed invalid callbacks!
[2026-09-07 12:35:17.3864577] [FCallbackGarbageCollector] Freed invalid callbacks!
[2026-09-07 12:35:19.3667915] [Lua] [CheatManagerEnabler] Constructed CheatManager [0x7FF4BE2A9900]
[2026-09-07 12:35:19.3668147] [Lua] [CheatManagerEnabler] Enabled CheatManager
[2026-09-07 12:35:19.3676427] Unregistering native pre-hook (3) for /Script/Engine.PlayerController:ClientRestart
[2026-09-07 12:35:19.3676548] Unregistering native post-hook (4) for /Script/Engine.PlayerController:ClientRestart
[2026-09-07 12:35:19.3677042] [Lua] [CheatManagerEnabler] CheatManager already exist, skipping restoration
[2026-09-07 12:35:45.4068033] [Lua] [CheatManagerEnabler] Constructed CheatManager [0x7FF4BE42B630]
[2026-09-07 12:35:45.4068242] [Lua] [CheatManagerEnabler] Enabled CheatManager
[2026-09-07 12:35:53.1435202] [Lua] [CenteredHUD] applied to UI_PlayerLobby_C_2147479451 (spells=true ammo=true)
[2026-09-07 12:36:07.3100904] [Lua] [HUDDump] Wrote 586 widgets to ue4ss\Mods\HUDDump\dump.txt
[2026-09-07 12:36:07.8017164] [Lua] [CenteredHUD] config reloaded
[2026-09-07 12:36:07.8268201] [Lua] [CenteredHUD] applied to UI_PlayerLobby_C_2147479451 (spells=true ammo=true)
[2026-09-07 12:36:07.8382310] [Lua] [CenteredHUD] applied to UI_PlayerLobby_C_2147479451 (spells=true ammo=true)
